Engagement Score,Satisfaction Score,Work-Life Balance Score,Tenure,Current Employee Rating,Performance Score
-1.0,0.0,-1.0,0.8589496838053342,-1.0,1
1.0,0.5,1.0,0.43552378333791597,0.0,1
1.0,-0.5,-1.0,0.5125103106956284,-1.0,1
0.0,-0.5,0.0,0.8160571899917515,-1.0,1
0.0,-0.5,0.0,-0.7830629639813029,2.0,1
0.0,0.5,1.0,-0.652185867473192,0.0,1
-0.5,1.0,-1.0,-0.7280725872972227,-2.0,1
0.0,0.0,-1.0,-0.674182018146824,-1.0,1
1.0,0.5,0.5,0.7181743194940886,0.0,1
1.0,-0.5,-0.5,0.6180918339290624,0.0,1
0.0,1.0,-1.0,-0.652185867473192,1.0,3
-1.0,1.0,0.0,-0.11547979103656851,0.0,1
-0.5,0.5,1.0,-0.42782513060214444,-1.0,1
-0.5,0.5,0.5,0.04619191641462769,0.0,1
0.0,-0.5,-0.5,-0.9997250481165794,0.0,1
0.5,0.5,-1.0,0.5147099257629916,0.0,1
1.0,0.0,-1.0,-0.6169920263953805,0.0,1
-0.5,0.0,-0.5,-0.3827330217211986,-2.0,1
0.5,0.0,-1.0,0.24525708001099805,0.0,1
0.0,-1.0,-0.5,0.5400054990376684,0.0,1
1.0,-1.0,0.5,0.49711300522408597,2.0,0
-0.5,-1.0,-1.0,0.6389881770690129,0.0,0
1.0,-0.5,-0.5,-0.40142974979378604,-1.0,1
0.0,-0.5,1.0,0.6477866373384658,0.0,3
-1.0,0.5,0.0,-0.7192741270277698,0.0,1
1.0,-1.0,0.5,0.8270552653285675,0.0,2
1.0,-1.0,0.5,0.4784162771514987,0.0,1
-0.5,0.5,0.0,0.2694528457519936,0.0,0
0.5,-0.5,0.5,0.3486389881770692,0.0,1
-1.0,0.5,0.5,0.30684630189716805,-1.0,0
-0.5,1.0,0.0,0.5795985702502062,1.0,1
-1.0,-1.0,1.0,-0.3838328292548802,2.0,1
1.0,0.0,-0.5,0.4025295573274677,0.0,1
1.0,0.0,-1.0,0.8479516084685181,0.0,1
0.5,0.0,-1.0,-0.18806708825955445,1.0,1
1.0,0.0,-0.5,0.622491064063789,0.0,1
-0.5,-0.5,-0.5,-0.5455045367060762,-1.0,1
0.5,0.5,1.0,-0.10448171569975241,0.0,1
-0.5,0.0,1.0,-0.47181743194940867,1.0,2
1.0,0.5,0.5,-0.80835853725598,1.0,1
0.0,0.0,1.0,0.5070112730272208,1.0,3
0.0,-1.0,-1.0,-0.6928787462194115,1.0,1
-0.5,0.5,1.0,-0.5257080010998075,1.0,0
0.0,-1.0,-1.0,0.6928787462194118,-1.0,0
-1.0,-0.5,1.0,-0.9964256255155344,0.0,1
1.0,-1.0,-0.5,-0.6510860599395103,-1.0,1
0.0,0.5,0.5,-0.39043167445696975,0.0,1
0.5,-1.0,0.5,-0.8369535331317016,0.0,0
-1.0,1.0,1.0,-0.45092108880945814,0.0,1
0.5,0.0,-1.0,0.8567500687379709,1.0,0
0.0,0.5,0.5,0.027495188342040427,-1.0,1
-0.5,0.0,0.5,0.5389056915039867,0.0,0
-1.0,0.5,-1.0,0.3794335991201542,-2.0,0
-1.0,-1.0,0.0,-0.0406928787462191,0.0,1
0.0,1.0,0.0,0.747869122903492,-1.0,1
0.0,0.5,-1.0,-0.4916139675556776,-2.0,1
-1.0,0.0,0.5,-0.030794610943084652,0.0,1
0.0,0.0,-0.5,0.9722298597745395,0.0,1
-1.0,-1.0,0.0,0.9711300522408578,2.0,1
0.0,-1.0,-0.5,0.7610668133076713,0.0,1
-0.5,1.0,0.0,0.052790761616717204,0.0,1
0.0,-0.5,0.5,-0.37283475391806414,0.0,1
0.5,-1.0,-1.0,0.42342590046741824,0.0,1
0.0,-1.0,-1.0,-0.6510860599395103,0.0,1
1.0,-0.5,0.5,0.017596920538905974,0.0,1
0.0,1.0,0.0,-0.42122628540005475,-2.0,1
0.0,1.0,-1.0,0.9942260104481716,-2.0,0
1.0,1.0,1.0,0.9337365960956833,0.0,1
-0.5,0.5,-0.5,0.02969480340940336,0.0,1
0.5,-0.5,0.0,0.0,0.0,1
1.0,0.5,0.0,0.29804784162771525,0.0,1
0.5,1.0,0.0,0.6741820181468245,0.0,1
0.5,0.0,0.5,0.6279901017321968,0.0,0
1.0,-0.5,0.5,0.530107231234534,2.0,1
-0.5,0.0,0.5,-0.8985427550178715,1.0,1
0.0,-1.0,-1.0,-0.7203739345614513,0.0,1
-1.0,0.5,0.0,0.762166620841353,1.0,1
-1.0,0.5,0.0,0.35853725598020364,0.0,1
1.0,0.5,-1.0,-0.8787462194116028,0.0,1
-1.0,0.5,-0.5,-0.9689304371734944,1.0,1
-0.5,0.0,0.0,-0.18586747319219132,0.0,1
0.5,-1.0,0.5,-0.0868847951608468,1.0,2
0.5,0.5,0.0,0.08138575749243893,0.0,1
0.0,0.0,0.0,-0.0406928787462191,0.0,0
-0.5,1.0,0.5,0.4212262854000553,-1.0,1
0.5,1.0,-1.0,0.08468518009348386,0.0,1
1.0,-0.5,0.5,0.9612317844377233,-1.0,1
-1.0,-0.5,-0.5,0.05169095408303556,1.0,1
-1.0,1.0,1.0,-0.5872972229859772,1.0,1
-1.0,0.0,1.0,-0.3134451470992574,-1.0,1
0.5,0.5,0.0,0.11767940610393181,1.0,1
-1.0,-0.5,-1.0,0.14737420951333516,-1.0,1
1.0,0.0,0.0,-0.11547979103656851,-1.0,0
-0.5,1.0,-1.0,0.5257080010998078,-1.0,1
0.5,1.0,-0.5,0.9183392906241409,0.0,1
-0.5,-0.5,-0.5,0.6895793236183668,0.0,1
-0.5,0.0,0.5,-0.3332416827055261,-2.0,1
-1.0,0.0,-0.5,-0.20016497113005202,0.0,0
0.5,0.5,-0.5,-0.5554028045092108,-2.0,1
-1.0,0.0,-1.0,-0.8941435248831453,0.0,1
1.0,-1.0,0.5,-0.02529557327467678,-1.0,1
0.5,-1.0,-0.5,0.3134451470992576,0.0,1
1.0,-0.5,0.5,0.8105581523233436,0.0,1
-0.5,0.0,-1.0,-0.9095408303546876,0.0,1
1.0,-1.0,-1.0,0.44432224360736877,-2.0,1
-0.5,-1.0,-1.0,0.4311245532031894,-2.0,1
0.0,-1.0,1.0,0.09458344789661831,1.0,1
1.0,0.0,0.5,-0.975529282375584,0.0,1
-1.0,1.0,-0.5,-0.6873797085510034,-1.0,1
-1.0,-0.5,-0.5,0.3530382183117954,0.0,1
0.5,0.0,1.0,-0.21336266153423122,2.0,1
0.0,-1.0,-0.5,0.8644487214737421,0.0,1
0.5,-0.5,0.5,-0.42782513060214444,0.0,1
0.0,-0.5,1.0,0.07478691229034941,0.0,1
-0.5,1.0,1.0,0.6631839428100084,0.0,1
1.0,-0.5,-1.0,0.7313720098982683,-1.0,0
-0.5,0.0,-1.0,-0.496013197690404,0.0,1
-0.5,0.0,-0.5,0.6015947209238384,0.0,1
-1.0,-0.5,-0.5,-0.3134451470992574,-1.0,1
-0.5,-0.5,-1.0,-0.7511685455045365,0.0,2
0.0,0.5,0.0,1.0008248556502612,-1.0,1
0.0,-0.5,1.0,0.8666483365411054,-1.0,1
0.5,-1.0,-0.5,-0.34313995050866075,0.0,0
1.0,-1.0,-0.5,-0.779763541380258,0.0,1
-1.0,-1.0,-1.0,0.34094033544129804,0.0,1
0.0,0.0,-0.5,-0.309045916964531,-1.0,1
-1.0,-1.0,0.0,0.05828979928512543,0.0,0
-1.0,0.5,0.5,-0.1891668957932361,0.0,0
0.0,-1.0,0.0,0.7005773989551829,0.0,3
0.0,-0.5,0.5,-0.737970855100357,0.0,0
0.5,0.5,1.0,0.7654660434423975,0.0,1
-1.0,0.0,0.5,0.66428375034369,0.0,1
1.0,1.0,-0.5,0.09458344789661831,0.0,1
0.5,1.0,0.0,-0.11108056090184193,0.0,1
0.5,0.0,-0.5,0.9502337091009072,0.0,1
1.0,0.5,0.5,0.27165246081935684,-2.0,1
0.5,-1.0,-0.5,0.9205389056915039,0.0,1
-1.0,0.0,1.0,-0.24525708001099789,0.0,2
1.0,0.5,-1.0,-0.6774814407478689,0.0,2
-1.0,-1.0,0.0,-0.548803959307121,0.0,1
0.5,-1.0,1.0,-0.05279076161671685,0.0,1
0.0,0.0,-0.5,-0.1627715149848775,-1.0,1
1.0,1.0,0.0,-0.6730822106131426,1.0,1
0.5,-1.0,-0.5,-0.7038768215562273,1.0,1
1.0,0.0,1.0,0.527907616167171,1.0,1
1.0,1.0,0.5,0.2562551553478142,-1.0,1
-1.0,-1.0,0.0,-0.3387407203739344,1.0,1
1.0,-0.5,-0.5,0.3354412977728898,-2.0,1
0.0,0.0,0.5,0.4729172394830905,-1.0,1
-0.5,0.5,1.0,0.6961781688204564,-2.0,0
-0.5,1.0,0.0,-0.9282375584272751,1.0,0
0.0,0.0,-1.0,0.6631839428100084,1.0,1
-1.0,-1.0,1.0,-0.9986252405828977,2.0,1
-0.5,-1.0,-0.5,-0.8215562276601591,0.0,1
-0.5,-1.0,0.0,-0.8314544954632936,1.0,1
0.5,0.0,0.5,-0.9623315919714046,1.0,1
0.0,1.0,0.5,0.537805883970305,1.0,1
1.0,0.0,-1.0,-0.06818806708825953,0.0,1
0.0,0.5,1.0,-0.9227385207588668,0.0,1
-1.0,0.5,-0.5,0.5686004949133902,1.0,1
-0.5,0.0,0.0,0.9832279351113555,0.0,0
1.0,-1.0,-1.0,0.945834478966181,2.0,1
1.0,1.0,0.0,0.3299422601044823,0.0,1
1.0,0.5,0.5,-0.42782513060214444,0.0,1
-1.0,0.5,1.0,0.915039868023096,1.0,3
0.0,0.5,-1.0,0.9832279351113555,0.0,1
1.0,1.0,0.0,0.8908441022821005,0.0,0
0.5,0.0,0.5,-0.5532031894418472,0.0,1
-1.0,0.0,0.5,0.0,-2.0,1
-0.5,-0.5,0.5,-0.5949958757217485,0.0,1
0.0,1.0,0.0,0.7137750893593627,0.0,1
-0.5,-1.0,0.5,0.7764641187792136,2.0,3
-1.0,1.0,1.0,0.7731646961781687,-1.0,1
-0.5,0.5,-1.0,-0.2188616992026391,0.0,1
1.0,-0.5,0.0,-0.22216112180368386,-1.0,1
1.0,-0.5,0.5,-0.47511685455045344,0.0,1
-0.5,1.0,0.0,0.8479516084685181,-2.0,1
0.5,1.0,-1.0,-0.4927137750893592,-1.0,1
-1.0,-0.5,-1.0,0.9260379433599117,-1.0,3
-1.0,0.0,-0.5,-0.4091284025295572,0.0,1
0.5,-0.5,0.0,0.9414352488314545,0.0,1
0.0,-0.5,-0.5,-0.4058289799285124,-1.0,1
1.0,0.5,0.5,-0.04729172394830898,2.0,0
-1.0,0.0,-1.0,-0.7643662359087157,-1.0,1
0.0,-1.0,-1.0,-0.3167445697003022,-1.0,1
-1.0,0.5,1.0,0.40582897992851263,1.0,0
0.5,-1.0,0.0,-0.3739345614517456,0.0,1
-1.0,0.0,0.5,-0.47181743194940867,1.0,0
0.0,0.5,1.0,0.6081935661259279,-1.0,1
0.5,-1.0,0.5,0.3354412977728898,0.0,1
0.5,1.0,0.5,-0.013197690404179034,-1.0,1
-1.0,-1.0,1.0,-0.40142974979378604,0.0,0
-1.0,-0.5,1.0,-0.5543029969755291,-2.0,1
1.0,-1.0,0.0,-0.6873797085510034,1.0,1
1.0,-0.5,-0.5,0.7005773989551829,0.0,1
0.0,-0.5,-1.0,-0.9667308221061311,0.0,1
-0.5,-1.0,-0.5,0.8578498762716525,0.0,1
1.0,1.0,1.0,-0.788562001649711,0.0,1
0.0,-1.0,0.0,0.5982952983227935,-2.0,1
-0.5,0.5,0.5,-0.944734671432499,-2.0,1
-0.5,-1.0,0.5,-0.8688479516084683,1.0,0
0.0,0.0,-0.5,-0.5576024195765739,2.0,1
0.0,0.0,-0.5,-0.9656310145724496,0.0,1
0.5,0.0,0.0,-0.06158922188616966,1.0,1
-0.5,0.0,1.0,-0.48171569975254314,0.0,0
0.0,0.5,-0.5,0.48281550728622497,0.0,1
0.0,0.5,0.0,0.8138575749243881,-1.0,1
1.0,-0.5,0.0,-0.7082760516909538,2.0,2
0.5,0.5,-0.5,0.8644487214737421,0.0,2
-0.5,0.0,0.0,0.1330767115754745,-1.0,1
0.5,0.5,0.0,0.4388232059389609,2.0,1
-1.0,0.5,0.0,-0.7676656585097604,-1.0,1
-0.5,-1.0,0.5,0.3420401429749793,1.0,1
-0.5,1.0,-1.0,0.8171569975254331,0.0,0
-1.0,1.0,1.0,0.6807808633489141,-2.0,1
-1.0,1.0,-1.0,-0.6356887544679678,-1.0,1
1.0,0.0,-1.0,-0.7533681605718996,1.0,1
-1.0,-0.5,0.5,0.2771514984877647,1.0,1
-1.0,0.5,0.5,0.6686829804784163,0.0,2
0.5,0.5,0.0,0.06268902941985166,-1.0,1
0.0,0.0,1.0,-0.17926862799010146,1.0,1
-0.5,0.5,-0.5,0.9590321693703601,0.0,1
-1.0,-0.5,-1.0,-0.4410228210063237,-1.0,1
0.5,-0.5,0.5,0.6576849051416002,2.0,1
0.0,-0.5,0.5,0.8314544954632938,0.0,1
-1.0,0.5,-1.0,-0.8490514160021994,0.0,1
1.0,-0.5,0.5,0.7742645037118503,1.0,1
0.0,0.0,-1.0,0.39373109705801485,0.0,1
-0.5,0.0,-0.5,-0.8292548803959305,1.0,1
0.0,1.0,-0.5,-0.663183942810008,-2.0,1
0.0,0.5,0.5,-0.030794610943084652,-2.0,3
0.5,0.5,-1.0,0.045092108880946044,-2.0,1
-1.0,-1.0,0.5,0.30244707176244184,0.0,1
-0.5,-1.0,-1.0,-0.24855650261204246,-1.0,1
-1.0,0.0,-0.5,-0.1715699752543303,0.0,0
0.0,0.5,1.0,-0.42782513060214444,0.0,1
-1.0,0.0,0.0,0.22216112180368458,0.0,1
-0.5,-1.0,0.5,-0.14627440197965333,1.0,1
0.0,1.0,-0.5,-0.3134451470992574,-1.0,1
0.0,-0.5,1.0,-0.19026670332691756,1.0,1
1.0,-0.5,0.0,-0.5224085784987624,-1.0,1
1.0,-0.5,-0.5,-0.1693703601869672,1.0,1
1.0,-0.5,0.0,-0.20236458619741532,-2.0,1
0.0,1.0,0.0,0.40692878746219424,0.0,0
-0.5,-1.0,-1.0,-0.2749518834204012,0.0,1
-0.5,-1.0,0.0,0.12977728897442956,1.0,0
-0.5,0.0,-1.0,0.717074511960407,2.0,2
0.0,1.0,1.0,0.9502337091009072,1.0,1
0.5,0.0,0.0,0.1506736321143801,1.0,1
1.0,1.0,-0.5,0.5389056915039867,-1.0,2
-1.0,1.0,-1.0,0.6455870222711024,0.0,1
1.0,1.0,-1.0,-0.5587022271102555,0.0,1
0.5,-0.5,1.0,-0.4553203189441845,0.0,0
-1.0,0.0,-1.0,-0.5543029969755291,0.0,1
-0.5,0.0,0.0,-0.7786637338465766,0.0,0
0.0,0.5,-0.5,0.39373109705801485,-2.0,2
0.0,-0.5,0.0,0.4531207038768216,0.0,1
-0.5,-0.5,-0.5,0.7115754742919991,0.0,1
-1.0,1.0,0.5,-0.8457519934011545,-2.0,1
-0.5,-0.5,0.5,-0.12537805883970315,0.0,1
0.5,-1.0,1.0,-0.8171569975254327,-1.0,0
0.5,1.0,-1.0,-0.48721473742095117,0.0,1
0.5,0.5,0.0,0.9040417926862799,0.0,1
-0.5,-1.0,1.0,-0.8875446796810555,2.0,1
-0.5,0.5,1.0,0.06378883695353331,0.0,1
0.5,1.0,0.5,-0.6455870222711024,-1.0,1
-0.5,0.5,-1.0,-0.9535331317019519,0.0,1
-0.5,0.0,0.0,0.9601319769040417,0.0,1
0.5,1.0,0.0,-0.8809458344789657,-2.0,1
0.0,0.5,-0.5,-0.8578498762716522,0.0,1
0.5,-0.5,0.5,-0.8820456420126476,0.0,1
1.0,0.5,0.0,-0.3860324443222434,-1.0,1
-1.0,-0.5,1.0,-0.5180093483640358,0.0,1
-1.0,0.0,1.0,-0.0736871047566674,0.0,1
0.0,0.5,-0.5,0.4245257080010999,1.0,2
-1.0,-1.0,-0.5,-0.6609843277426448,0.0,3
0.5,-0.5,0.0,-0.7544679681055813,0.0,1
1.0,-0.5,-0.5,-0.3739345614517456,-2.0,1
0.0,-1.0,-1.0,-0.9161396755567771,0.0,1
-1.0,0.5,1.0,0.08138575749243893,0.0,1
-1.0,0.5,0.0,0.42672532306846317,1.0,1
-1.0,-1.0,0.5,0.26285400054990404,0.0,0
-0.5,0.5,-0.5,0.23645861974154525,2.0,1
-1.0,-1.0,1.0,-0.7929612317844372,-1.0,1
0.5,-1.0,0.0,-0.10558152323343406,-1.0,1
0.0,1.0,-0.5,-0.7346714324993122,0.0,0
1.0,-0.5,1.0,-0.23315919714050032,0.0,0
0.5,0.5,-0.5,-0.2782513060214464,0.0,1
-0.5,0.5,0.5,-0.3827330217211986,0.0,1
0.5,-1.0,-0.5,0.8677481440747871,0.0,1
-1.0,1.0,0.5,0.45202089634313997,-2.0,1
0.0,0.5,0.5,-0.9205389056915037,1.0,1
-1.0,0.0,-1.0,-0.7753643112455316,1.0,1
-1.0,1.0,0.0,0.3607368710475669,2.0,1
-1.0,-0.5,0.0,-0.3717349463843823,0.0,1
0.5,0.5,-1.0,0.9722298597745395,0.0,1
-0.5,0.5,1.0,0.6653835578773714,-2.0,1
-1.0,-0.5,1.0,-0.5773989551828426,2.0,1
0.0,0.5,-1.0,-0.3937310970580147,2.0,1
-0.5,0.0,-1.0,-0.2760516909540829,0.0,1
1.0,1.0,-1.0,-0.3321418751718447,0.0,1
-0.5,0.5,0.0,-0.7214737420951332,-1.0,1
0.0,0.0,1.0,0.27605169095408305,-2.0,1
1.0,0.5,-0.5,-0.5180093483640358,0.0,1
-0.5,0.0,0.0,-0.4916139675556776,0.0,1
0.5,0.5,0.0,-0.39263128952433307,-1.0,1
-1.0,0.0,0.5,0.7511685455045368,0.0,1
0.0,0.5,1.0,0.6235908715974706,-1.0,1
0.0,1.0,-0.5,0.07588671982403106,0.0,1
0.0,-1.0,0.5,0.45861974154522983,0.0,0
-1.0,-1.0,1.0,-0.09018421776189138,0.0,1
-0.5,1.0,-1.0,-0.24085784987627148,-1.0,1
-0.5,-0.5,-0.5,0.43552378333791597,1.0,1
-1.0,0.5,1.0,-0.19246631839428066,0.0,3
-1.0,-0.5,0.5,0.9832279351113555,1.0,1
1.0,0.5,0.0,0.6015947209238384,0.0,1
1.0,-1.0,0.5,-0.5773989551828426,-2.0,1
0.0,0.0,-1.0,0.6521858674731923,-1.0,1
0.0,0.5,-1.0,0.9623315919714049,-1.0,1
0.0,-0.5,0.0,-0.15067363211437976,-1.0,1
-0.5,0.5,1.0,-0.5081110805609016,0.0,1
1.0,1.0,-0.5,0.11877921363761344,-2.0,1
1.0,0.5,1.0,-0.944734671432499,0.0,1
0.0,1.0,0.0,-0.6752818256805057,-2.0,1
1.0,-1.0,0.5,-0.20896343139950482,0.0,1
0.0,1.0,0.5,0.04069287874621982,0.0,0
-0.5,0.5,1.0,-0.643387407203739,0.0,1
-1.0,0.5,-0.5,-0.2749518834204012,-1.0,1
0.0,0.5,1.0,0.15837228485015126,0.0,2
0.0,0.0,0.5,0.6818806708825956,-1.0,2
1.0,-1.0,0.0,0.9040417926862799,0.0,1
1.0,0.5,-1.0,-0.22216112180368386,0.0,1
1.0,0.5,1.0,0.09018421776189173,1.0,0
-0.5,0.5,0.0,-0.819356612592796,0.0,0
0.5,0.0,-1.0,0.18036843552378345,0.0,1
0.0,0.0,-0.5,-0.8886444872147372,1.0,1
0.0,1.0,0.5,-0.4828155072862246,0.0,1
0.0,-1.0,-1.0,-0.7566675831729446,1.0,3
-0.5,0.5,0.5,0.9568325543029971,-1.0,0
0.5,-1.0,0.0,0.18916689579323628,2.0,0
0.0,-1.0,0.5,0.48061589221886164,0.0,1
-1.0,-0.5,1.0,0.5356062689029422,1.0,1
1.0,0.0,1.0,-0.3145449546329391,0.0,1
-1.0,0.5,-1.0,-0.6642837503436896,1.0,1
1.0,0.5,-0.5,-0.6928787462194115,0.0,1
-1.0,-0.5,1.0,-0.3717349463843823,0.0,0
-0.5,1.0,0.0,-0.7104756667583171,-1.0,1
0.5,1.0,1.0,-0.39483090459169634,0.0,1
-0.5,0.0,-0.5,0.41902667033269203,0.0,1
-1.0,-1.0,0.5,-0.2738520758867194,0.0,1
-0.5,0.0,-1.0,-0.5411053065713498,1.0,1
0.0,0.5,-0.5,-0.9601319769040415,-1.0,1
0.0,-0.5,1.0,0.2144624690679134,-2.0,1
0.0,-1.0,-0.5,-0.15287324718174303,1.0,1
0.0,1.0,0.0,0.9722298597745395,0.0,1
1.0,-1.0,0.0,-0.5081110805609016,0.0,1
-1.0,-1.0,-1.0,0.6488864448721474,1.0,1
-0.5,0.5,-0.5,0.7456695078361286,1.0,1
-1.0,1.0,0.5,0.8556502612042892,1.0,1
0.5,0.5,-0.5,0.33214187517184485,-1.0,1
-0.5,1.0,0.0,0.8985427550178721,-2.0,1
-1.0,1.0,-1.0,0.6884795160846852,0.0,1
1.0,1.0,0.0,-0.6235908715974703,-1.0,1
0.0,0.5,-1.0,-0.5587022271102555,2.0,1
1.0,-1.0,0.5,0.10008248556502619,0.0,1
-0.5,1.0,0.5,-0.8490514160021994,0.0,3
1.0,-1.0,0.5,-0.8435523783337914,0.0,3
0.0,1.0,0.0,0.28045092108880965,0.0,1
1.0,1.0,-0.5,0.020896343139950552,0.0,1
-0.5,1.0,0.5,-0.33434149023920795,0.0,2
1.0,-0.5,-0.5,-0.45202089634313974,0.0,1
-0.5,-1.0,-0.5,-0.9480340940335439,0.0,1
1.0,0.0,1.0,0.9535331317019522,2.0,1
-1.0,0.0,-1.0,-0.1363761341765189,0.0,1
-0.5,0.0,-1.0,0.1528732471817434,-2.0,1
-1.0,1.0,0.0,-0.6422875996700576,1.0,1
-1.0,0.0,-0.5,-0.47951608468517964,-1.0,3
-0.5,0.5,1.0,0.9414352488314545,-1.0,1
-1.0,-0.5,1.0,-0.2188616992026391,0.0,1
-0.5,1.0,-0.5,0.9601319769040417,-1.0,1
0.0,0.0,-1.0,-0.08248556502612021,2.0,1
0.0,0.0,-0.5,-0.6070937585922462,0.0,1
-0.5,0.5,1.0,0.045092108880946044,0.0,1
1.0,-0.5,-0.5,-0.6730822106131426,-1.0,1
0.5,0.0,-1.0,-0.7346714324993122,0.0,1
-1.0,0.5,0.5,0.2925488039593074,2.0,1
0.5,0.0,0.0,-0.17486939785537506,-2.0,2
0.5,-1.0,1.0,-0.6862799010173217,0.0,0
0.5,-0.5,1.0,-0.42342590046741807,-1.0,0
0.5,-0.5,-1.0,0.8567500687379709,-2.0,1
-0.5,0.0,-0.5,0.388232059389607,0.0,1
0.5,0.5,0.5,0.57519934011548,2.0,1
0.5,1.0,-0.5,0.915039868023096,0.0,1
-1.0,0.5,1.0,0.47401704701677216,0.0,1
0.0,-0.5,1.0,-0.7731646961781683,0.0,1
0.0,0.5,0.0,0.01649711300522433,0.0,1
-1.0,0.5,-1.0,-0.16827055265328572,0.0,1
0.5,0.5,-1.0,-0.2991476491613966,0.0,1
1.0,-0.5,-0.5,-0.5301072312345337,0.0,0
0.0,-0.5,-1.0,0.3035468792961231,-1.0,1
-0.5,-1.0,0.0,0.7104756667583174,0.0,0
1.0,0.0,0.0,-0.11108056090184193,1.0,2
0.0,-1.0,0.0,0.8149573824580698,0.0,1
-1.0,0.0,0.5,-0.83585372559802,2.0,1
0.5,1.0,1.0,0.560901842177619,1.0,1
0.0,0.5,0.0,-0.7731646961781683,0.0,1
0.0,0.0,-0.5,0.7819631564476218,0.0,1
-0.5,0.5,1.0,0.537805883970305,-1.0,2
-0.5,0.5,-0.5,1.004124278251306,0.0,1
0.0,-0.5,0.0,0.21776189166895835,-1.0,1
0.0,-1.0,0.5,0.03849326367885617,0.0,1
0.5,0.5,1.0,-0.6774814407478689,-1.0,1
0.5,1.0,-0.5,-0.5103106956282648,0.0,0
1.0,-0.5,0.0,-0.8864448721473739,2.0,2
0.5,-1.0,0.0,-0.24745669507836135,0.0,2
-1.0,-0.5,0.0,0.46631839428100097,-2.0,1
-1.0,1.0,0.0,0.32774264503711864,0.0,1
-0.5,-0.5,-0.5,0.9678306296398133,-2.0,0
1.0,1.0,0.0,-0.9392356337640911,-1.0,2
-0.5,-1.0,0.5,0.9172394830904593,-1.0,1
1.0,-1.0,0.5,-0.1275776739070661,-1.0,1
-0.5,0.0,0.5,0.44212262854000584,-1.0,1
1.0,0.5,0.5,-0.8831454495463291,0.0,1
-1.0,1.0,-1.0,-0.24855650261204246,0.0,1
-0.5,-0.5,0.0,0.724773164696178,-1.0,1
1.0,0.5,0.0,0.3354412977728898,0.0,0
-0.5,0.0,-0.5,0.8831454495463293,-1.0,1
0.0,-0.5,-1.0,-0.5147099257629911,2.0,1
0.0,0.5,0.0,-0.2683530382183115,-1.0,1
0.5,1.0,-1.0,0.36183667858124824,0.0,1
1.0,0.0,0.0,0.44322243607368716,-1.0,0
0.5,-1.0,0.0,0.5894968380533406,1.0,1
0.0,0.0,1.0,-0.8039593071212535,2.0,2
0.0,-0.5,-0.5,-0.5411053065713498,1.0,1
-0.5,0.5,0.0,0.24415727247731642,0.0,1
0.0,1.0,0.5,0.005499037668408228,0.0,1
0.0,1.0,-0.5,-0.387132251855925,0.0,3
0.5,-1.0,1.0,-0.6004949133901564,0.0,1
-1.0,0.0,0.0,-0.20566400879846006,0.0,1
0.5,-0.5,-0.5,-0.3112455320318943,0.0,1
0.5,-0.5,-1.0,-0.021996150673631844,1.0,1
-0.5,1.0,-1.0,0.23315919714050068,0.0,1
0.0,0.5,-0.5,-0.643387407203739,0.0,1
1.0,0.5,-1.0,-0.5883970305196589,-2.0,1
-1.0,-0.5,0.0,0.7500687379708552,2.0,0
1.0,-1.0,0.0,-0.06598845202089625,0.0,2
-1.0,0.0,-0.5,0.22985977453945575,-2.0,1
1.0,-0.5,0.5,-0.30354687929612295,2.0,1
-1.0,-0.5,0.0,-0.017596920538905617,2.0,1
-0.5,0.5,0.5,-0.621391256530107,2.0,1
-1.0,-1.0,-0.5,-0.13527632664283742,1.0,1
-0.5,-0.5,0.0,0.625790486664834,1.0,2
1.0,0.5,-0.5,0.744569700302447,-2.0,1
1.0,-0.5,-0.5,0.48831454495463317,0.0,1
-1.0,0.5,-0.5,-0.6081935661259278,0.0,1
-0.5,0.0,0.0,-0.005499037668407872,-2.0,1
0.5,0.5,0.0,-0.0758867198240307,-1.0,0
-0.5,-0.5,-0.5,0.7005773989551829,-2.0,1
0.0,0.0,-1.0,-0.7148748968930434,0.0,1
-0.5,-0.5,-1.0,0.3244432224360737,0.0,1
0.5,0.0,-0.5,0.6807808633489141,0.0,1
-1.0,1.0,-0.5,0.8589496838053342,-1.0,1
-0.5,1.0,0.5,-0.7566675831729446,-1.0,1
-0.5,0.5,0.0,0.4619191641462744,1.0,1
0.5,-1.0,0.0,0.06818806708825953,0.0,2
0.0,-0.5,-1.0,-0.9986252405828977,1.0,1
0.0,0.0,0.0,-0.13747594171020036,0.0,1
1.0,0.5,-1.0,0.5828979928512511,-1.0,0
-1.0,0.0,-1.0,0.0032994226010449367,0.0,1
-1.0,-0.5,1.0,0.0,1.0,1
-0.5,1.0,0.0,-0.2188616992026391,-1.0,1
0.5,0.0,1.0,0.41792686279901037,0.0,1
-1.0,0.5,0.5,-0.5587022271102555,1.0,1
-0.5,-1.0,-0.5,-0.8787462194116028,1.0,1
-1.0,-1.0,0.0,-0.7027770140225457,2.0,1
0.0,0.5,0.0,-0.8622491064063786,0.0,1
-1.0,1.0,-0.5,0.46631839428100097,2.0,1
0.0,1.0,0.5,-0.2100632389331863,1.0,1
1.0,0.0,1.0,-0.6543854825405551,2.0,1
1.0,1.0,-1.0,-0.788562001649711,1.0,1
0.0,0.0,0.5,-0.1605718999175144,0.0,1
1.0,1.0,-0.5,0.9524333241682705,0.0,1
1.0,-0.5,1.0,0.9348364036293649,0.0,1
0.5,0.5,-0.5,-0.5850976079186141,0.0,3
1.0,-1.0,0.5,0.3827330217211988,0.0,1
-0.5,0.5,0.0,-0.3519384107781136,0.0,0
1.0,0.0,1.0,-0.944734671432499,1.0,1
0.5,-0.5,1.0,-0.3772339840527905,0.0,1
-0.5,-1.0,0.5,0.07038768215562283,-1.0,1
-0.5,1.0,-1.0,-0.9865273577124001,-1.0,3
1.0,0.5,-1.0,0.031894418476766655,2.0,1
-0.5,-1.0,-0.5,0.3794335991201542,0.0,0
1.0,0.0,1.0,-0.10008248556502583,0.0,1
0.5,0.5,1.0,0.27605169095408305,0.0,1
1.0,0.0,-1.0,0.3706351388507014,0.0,1
-0.5,-0.5,0.5,0.33214187517184485,0.0,1
0.0,-0.5,0.5,0.5927962606543856,0.0,1
0.5,-0.5,1.0,0.4256255155347815,0.0,1
-1.0,0.0,-1.0,-0.6895793236183665,1.0,3
1.0,-1.0,0.0,0.034094033544129945,1.0,1
-1.0,-0.5,1.0,-0.43002474566950755,0.0,1
0.5,0.0,0.0,0.02419576574099549,0.0,1
1.0,1.0,-0.5,0.06158922188617001,0.0,1
1.0,0.0,-1.0,-0.8380533406653833,2.0,1
0.5,-0.5,-0.5,-0.09898267803134418,0.0,1
0.5,0.5,1.0,-0.8842452570800107,1.0,1
-0.5,0.0,1.0,-0.0868847951608468,-1.0,1
-0.5,1.0,-1.0,0.8677481440747871,-2.0,1
-1.0,1.0,1.0,0.36293648611492985,1.0,1
0.0,-0.5,0.5,-0.6169920263953805,-1.0,1
-1.0,-0.5,0.5,-0.5004124278251302,-1.0,2
0.0,0.5,1.0,-0.8787462194116028,0.0,1
-1.0,-0.5,-0.5,-0.6895793236183665,0.0,2
0.0,0.0,-1.0,-0.08358537255980186,-2.0,0
-1.0,-1.0,0.5,0.22546054440472915,1.0,1
1.0,1.0,1.0,0.07478691229034941,-1.0,3
-0.5,1.0,1.0,0.5817981853175695,0.0,1
0.5,0.0,1.0,0.2067638163321419,0.0,2
1.0,1.0,0.0,-0.992026395380808,0.0,1
-0.5,-0.5,-1.0,0.3156447621666209,1.0,1
1.0,1.0,0.5,-0.49931262029144874,0.0,1
1.0,0.0,0.0,-0.6609843277426448,0.0,1
-0.5,0.5,0.5,0.5729997250481167,-1.0,1
0.5,-1.0,-0.5,0.21226285400055012,1.0,1
0.5,0.0,0.5,-0.7621666208413524,0.0,1
0.0,0.5,-0.5,0.3299422601044823,0.0,1
0.5,0.0,0.0,-0.3167445697003022,-1.0,1
0.5,-0.5,0.0,0.4553203189441849,0.0,1
0.0,-1.0,0.5,0.43772339840527924,-1.0,1
-0.5,0.0,1.0,0.9370360186967281,1.0,1
-0.5,1.0,0.5,-0.7544679681055813,0.0,1
1.0,-1.0,1.0,0.23535881220786362,-1.0,0
0.0,1.0,0.5,-0.5114105031619465,2.0,1
0.5,-1.0,-1.0,-0.6796810558152321,0.0,1
0.0,-1.0,0.0,-0.8556502612042889,0.0,1
1.0,0.5,-0.5,0.7291723948309047,0.0,0
-1.0,-0.5,1.0,0.48061589221886164,0.0,3
0.5,0.0,1.0,-0.9502337091009071,1.0,1
1.0,-0.5,-1.0,-0.4894143524883143,0.0,1
-0.5,0.5,0.0,-0.25515534781413235,0.0,1
-1.0,-0.5,0.5,0.5092108880945834,0.0,2
-1.0,1.0,0.5,-0.8600494913390153,0.0,1
1.0,0.0,0.0,0.9579323618366787,2.0,2
-0.5,-1.0,1.0,0.12317844377233968,-2.0,1
0.5,1.0,1.0,-0.6004949133901564,0.0,1
-0.5,1.0,-0.5,-0.8600494913390153,0.0,1
1.0,-0.5,1.0,-0.7753643112455316,2.0,1
1.0,1.0,0.0,-0.8369535331317016,0.0,1
0.5,0.5,0.0,0.5158097332966732,0.0,0
-0.5,-0.5,0.5,-0.42012647786637314,0.0,0
-1.0,-0.5,-0.5,0.7511685455045368,0.0,1
-0.5,0.5,0.0,0.40032994226010477,-1.0,1
0.0,0.5,-0.5,0.9854275501787189,0.0,1
0.0,-1.0,0.5,-0.5367060764366235,-1.0,1
0.0,1.0,-1.0,0.2991476491613969,2.0,1
0.0,-0.5,1.0,-0.663183942810008,0.0,1
0.5,1.0,0.5,0.3420401429749793,-1.0,1
1.0,0.0,1.0,0.8765466043442398,1.0,1
0.0,-1.0,0.0,0.8512510310695627,0.0,0
0.0,-1.0,1.0,-0.5642012647786635,-1.0,1
0.0,-1.0,0.0,0.12427825130602167,-1.0,1
0.0,0.0,0.0,-0.8270552653285673,0.0,1
0.5,0.0,0.5,-0.9975254330492163,-2.0,3
0.0,-1.0,0.5,-0.9975254330492163,0.0,2
0.5,0.5,-0.5,-0.11767940610393181,0.0,1
1.0,1.0,0.0,0.7269727797635414,2.0,1
0.5,0.0,0.0,-0.44762166620841337,1.0,3
0.5,1.0,-1.0,0.8655485290074237,0.0,1
1.0,-0.5,-1.0,0.30684630189716805,0.0,0
1.0,1.0,-0.5,0.7742645037118503,0.0,1
-0.5,-1.0,1.0,-0.559802034643937,0.0,1
0.5,-1.0,0.5,0.7830629639813032,0.0,2
1.0,-0.5,-1.0,-0.9436348638988173,0.0,1
1.0,0.5,-1.0,0.5004124278251306,-1.0,1
-1.0,0.5,-0.5,0.9018421776189166,0.0,1
0.0,-1.0,-1.0,0.45202089634313997,-1.0,0
-0.5,-1.0,-0.5,0.5092108880945834,0.0,1
0.0,0.5,0.0,0.30244707176244184,0.0,1
-0.5,1.0,-1.0,-0.6356887544679678,0.0,1
1.0,-1.0,0.5,-0.3156447621666205,-2.0,1
0.5,0.5,0.5,0.5960956832554305,2.0,1
0.0,-0.5,1.0,-0.13417651910915576,0.0,3
1.0,-0.5,1.0,-0.7852625790486663,0.0,0
1.0,-1.0,-1.0,0.4333241682705527,-1.0,1
-0.5,0.0,-1.0,-0.17266978278801196,-2.0,1
1.0,0.0,-1.0,-0.6609843277426448,0.0,3
-1.0,-0.5,-1.0,-0.4564201264778662,0.0,1
-1.0,-1.0,-0.5,0.4388232059389609,0.0,1
0.0,-0.5,0.5,-0.42122628540005475,-1.0,1
0.0,-1.0,0.0,0.14627440197965352,0.0,0
-0.5,0.5,-0.5,0.8479516084685181,0.0,0
1.0,0.5,-1.0,-0.5861974154522955,0.0,1
0.0,-0.5,-0.5,-0.47291723948309033,-1.0,1
1.0,0.5,1.0,-0.39153148199065124,-1.0,1
0.0,1.0,-0.5,-0.2804509210888091,0.0,1
1.0,0.5,-1.0,-0.7852625790486663,-1.0,1
-0.5,1.0,-0.5,-0.10558152323343406,-2.0,1
0.0,-0.5,-0.5,0.8754467968105581,2.0,1
0.5,-1.0,0.0,0.7412702777014024,-2.0,1
0.5,0.5,0.0,0.004399230134726583,0.0,0
-0.5,-1.0,-1.0,0.6730822106131429,0.0,0
0.5,0.0,-1.0,-0.7445697003024468,0.0,1
0.5,1.0,-0.5,-0.7434698927687652,2.0,1
0.0,0.0,0.0,-0.5850976079186141,0.0,0
0.0,0.0,0.0,0.06378883695353331,0.0,1
0.0,-1.0,1.0,0.4223260929337366,0.0,1
-0.5,0.5,-0.5,-0.1715699752543303,-1.0,1
0.0,-0.5,1.0,-0.9601319769040415,0.0,1
1.0,1.0,0.0,0.9062414077536431,1.0,1
1.0,0.5,0.5,0.5554028045092111,0.0,1
-1.0,0.5,1.0,-0.7181743194940882,0.0,1
1.0,-1.0,0.5,0.06158922188617001,2.0,1
-1.0,0.0,0.0,0.7841627715149848,1.0,1
-0.5,-1.0,1.0,-0.41462744019796505,-1.0,1
-1.0,-1.0,-1.0,-0.601594720923838,0.0,2
0.0,0.0,1.0,-0.41792686279901,1.0,0
-1.0,0.5,-1.0,0.8457519934011548,1.0,1
0.0,-0.5,-0.5,-0.05499037668408014,0.0,1
1.0,-0.5,0.5,0.9590321693703601,0.0,1
-1.0,0.5,-1.0,-0.2914489964256254,-1.0,0
0.0,1.0,0.5,0.40142974979378604,-2.0,1
-0.5,1.0,-0.5,0.3519384107781138,0.0,1
1.0,0.5,0.0,-0.2507561176794059,0.0,1
1.0,0.5,0.5,-0.3739345614517456,0.0,1
-0.5,0.5,-1.0,0.3794335991201542,1.0,1
-0.5,-0.5,0.0,0.8512510310695627,0.0,1
0.5,-1.0,0.0,-0.7005773989551826,1.0,1
-0.5,-0.5,1.0,-0.9777288974429473,2.0,1
0.5,0.0,-0.5,0.9139400604894143,-2.0,1
0.0,0.0,-0.5,0.13417651910915612,1.0,1
-0.5,-1.0,-0.5,0.8589496838053342,0.0,1
-1.0,-0.5,-0.5,0.6114929887269729,-2.0,1
-0.5,1.0,0.5,-0.11987902117129473,0.0,1
-1.0,-0.5,0.5,-0.1275776739070661,0.0,0
-1.0,-1.0,0.0,-0.2837503436898541,1.0,1
0.5,-0.5,0.0,-0.4542205114105029,1.0,1
0.5,0.0,1.0,0.1759692053890569,-1.0,0
1.0,0.5,1.0,0.24635688754467971,0.0,1
1.0,-1.0,0.5,0.5982952983227935,-1.0,1
0.5,0.5,-1.0,-0.6818806708825952,-1.0,1
0.0,0.0,0.0,0.2606543854825407,-2.0,1
1.0,1.0,-1.0,-0.09568325543029961,0.0,2
0.0,-0.5,-0.5,0.6983777838878197,0.0,1
0.5,-1.0,0.0,0.7566675831729447,0.0,1
-1.0,0.5,0.5,-0.02529557327467678,0.0,1
-0.5,1.0,0.5,-0.018696728072587262,1.0,1
0.5,-0.5,-1.0,-0.4773164696178167,0.0,1
0.5,-0.5,1.0,-0.5213087709650808,-1.0,1
-0.5,1.0,-1.0,-0.5543029969755291,-2.0,1
0.5,-0.5,0.5,0.5257080010998078,-1.0,1
1.0,-1.0,0.0,-0.8776464118779211,-1.0,1
1.0,1.0,0.0,-0.7225735496288148,-1.0,1
1.0,0.0,-0.5,0.8006598845202091,-1.0,1
0.0,0.0,0.0,-0.8897442947484187,-2.0,1
-0.5,1.0,-0.5,0.036293648611493236,0.0,1
-1.0,0.5,1.0,-0.6301897167995598,0.0,1
0.5,1.0,-1.0,0.06818806708825953,0.0,1
1.0,0.5,0.5,0.7610668133076713,0.0,1
0.0,0.5,0.0,-0.80835853725598,-2.0,1
-1.0,-1.0,0.5,0.9447346714324993,0.0,1
-0.5,0.0,0.0,-0.08138575749243857,0.0,1
-1.0,0.5,0.0,0.43552378333791597,2.0,1
0.0,0.5,1.0,-0.007698652735771163,0.0,1
1.0,0.5,0.5,-0.4806158922188615,0.0,1
-1.0,0.0,-0.5,-0.32664283750343664,2.0,1
-1.0,1.0,-1.0,-0.9282375584272751,-1.0,2
-0.5,1.0,0.0,0.35413802584547704,-1.0,1
0.0,1.0,-1.0,-0.40802859499587574,-2.0,1
-0.5,0.0,0.0,0.5817981853175695,-1.0,1
-1.0,1.0,0.0,0.7203739345614518,1.0,1
0.5,-0.5,-1.0,-0.9161396755567771,0.0,0
-1.0,1.0,0.5,0.11547979103656887,1.0,1
0.5,0.0,1.0,-0.45751993401154784,0.0,3
0.5,-0.5,-1.0,0.9678306296398133,2.0,0
0.0,-0.5,-1.0,0.5059114654935388,-1.0,1
0.0,0.5,-1.0,0.23755842727522689,1.0,1
1.0,-0.5,0.0,0.40472917239483097,0.0,1
0.5,0.0,0.0,-0.5861974154522955,-1.0,2
0.0,1.0,0.5,-0.007698652735771163,0.0,1
-1.0,1.0,-0.5,-0.8072587297222985,0.0,1
0.5,0.5,-0.5,-0.7566675831729446,2.0,3
0.0,0.5,-1.0,-0.15727247731646943,0.0,1
1.0,0.5,0.0,-0.10668133076711571,0.0,1
0.5,-0.5,1.0,-0.2584547704151771,0.0,1
0.5,0.5,0.5,-0.6290899092658783,-2.0,1
0.0,1.0,0.0,0.8083585372559803,2.0,0
0.0,1.0,0.5,0.10008248556502619,0.0,1
0.0,-1.0,1.0,-0.4498212812757765,0.0,3
0.0,-1.0,0.5,0.5004124278251306,0.0,1
0.5,-1.0,0.5,-0.4377233984052789,2.0,1
0.0,0.5,-0.5,-0.13417651910915576,-2.0,1
0.5,-1.0,0.0,-0.07258729722298576,0.0,1
-1.0,0.0,0.0,-0.8633489139400601,1.0,1
1.0,0.5,0.5,-0.3541380258454767,2.0,1
-0.5,1.0,-0.5,-0.12427825130602149,-1.0,1
0.5,0.0,-1.0,-0.10338190816607076,-2.0,1
-0.5,0.5,-1.0,-0.10668133076711571,0.0,0
-0.5,0.0,1.0,0.22216112180368458,1.0,0
0.0,0.5,0.5,0.2782513060214464,2.0,1
0.0,-1.0,1.0,-0.9216387132251853,0.0,1
0.5,-1.0,-0.5,0.43552378333791597,-1.0,1
-1.0,-0.5,0.5,-0.3222436073687102,0.0,1
-1.0,0.5,-0.5,0.6631839428100084,0.0,1
0.0,0.5,0.0,-0.030794610943084652,1.0,1
-1.0,-1.0,-1.0,-0.8468518009348361,0.0,1
0.5,0.0,-1.0,0.34094033544129804,0.0,1
-1.0,-0.5,-1.0,0.032994226010448297,1.0,1
0.5,-1.0,0.5,0.5026120428924938,-1.0,3
-0.5,1.0,0.5,-0.5872972229859772,-1.0,0
0.5,-0.5,0.0,0.27165246081935684,0.0,1
-0.5,-1.0,-1.0,0.39373109705801485,0.0,1
-0.5,-1.0,1.0,-0.3211437998350288,1.0,1
0.0,-0.5,-0.5,-0.25295573274676886,0.0,1
0.5,1.0,1.0,0.9359362111630466,0.0,1
-0.5,0.0,0.0,-0.03849326367885617,0.0,1
0.0,1.0,1.0,-0.6598845202089632,0.0,1
0.5,0.0,-0.5,0.30574649436348644,-2.0,0
1.0,0.0,0.5,-0.4586197415452293,0.0,1
0.0,-1.0,0.5,0.5059114654935388,0.0,3
-1.0,1.0,0.0,0.33434149023920817,2.0,0
1.0,-1.0,1.0,-0.41242782513060194,2.0,1
1.0,-0.5,0.5,0.17926862799010218,-1.0,1
-0.5,0.5,1.0,0.4212262854000553,0.0,1
-0.5,0.0,1.0,-0.5158097332966729,0.0,1
0.5,1.0,-1.0,-0.0021996150673629345,1.0,1
-1.0,0.0,-1.0,-0.6972779763541378,0.0,1
0.5,1.0,-0.5,-0.7027770140225457,-2.0,0
-0.5,-1.0,-1.0,0.14737420951333516,-2.0,1
0.5,0.0,-1.0,0.6147924113280178,1.0,0
0.0,1.0,1.0,-0.21996150673632092,2.0,1
-0.5,0.0,-1.0,0.8952433324168271,0.0,1
0.5,0.0,0.5,0.7599670057739897,-1.0,1
0.0,0.5,1.0,-0.7984602694528454,0.0,1
0.5,-0.5,0.0,-0.7335716249656307,2.0,1
-1.0,-0.5,0.0,0.557602419576574,1.0,1
0.0,-1.0,0.5,-0.24745669507836135,0.0,1
-0.5,0.0,-0.5,0.2144624690679134,-2.0,3
0.0,0.5,-0.5,0.13857574924388236,-1.0,1
1.0,-1.0,0.5,0.04949133901567227,0.0,1
-0.5,1.0,1.0,0.5708001099807534,-1.0,1
0.0,0.0,0.0,1.007423700852351,0.0,1
1.0,0.5,-0.5,0.08248556502612057,0.0,1
1.0,1.0,0.5,0.46741820181468263,2.0,1
-0.5,-0.5,-0.5,0.7412702777014024,2.0,1
-1.0,1.0,0.0,0.48061589221886164,1.0,1
0.0,1.0,-1.0,-0.9095408303546876,0.0,1
-0.5,0.5,0.5,-0.2969480340940334,0.0,1
1.0,-1.0,-1.0,0.6037943359912017,1.0,1
0.5,-1.0,-0.5,0.3167445697003025,0.0,1
1.0,-0.5,0.0,-0.13087709650811083,0.0,0
-1.0,-0.5,1.0,-0.9777288974429473,0.0,1
0.0,1.0,0.5,-0.3200439923013471,-2.0,1
-1.0,1.0,1.0,-0.7434698927687652,-1.0,1
0.0,0.0,1.0,-0.02529557327467678,0.0,1
1.0,-1.0,-0.5,0.7522683530382188,0.0,1
0.0,-0.5,0.0,-0.9436348638988173,2.0,1
0.5,1.0,0.5,0.7720648886444874,0.0,1
0.0,0.0,1.0,-0.6444872147374208,1.0,0
-0.5,1.0,-1.0,0.3915314819906516,1.0,1
-0.5,0.0,0.5,-0.8754467968105578,-2.0,2
0.5,-1.0,0.5,-0.5422051141050314,0.0,1
-0.5,0.5,-1.0,0.32774264503711864,-2.0,1
0.0,-0.5,-1.0,-0.31234533956557575,1.0,1
0.5,1.0,0.0,0.5213087709650811,0.0,1
-1.0,0.0,-1.0,0.3552378333791587,0.0,1
0.5,-1.0,-1.0,0.8193566125927964,-1.0,1
-1.0,1.0,-0.5,0.8039593071212537,0.0,1
1.0,-1.0,-1.0,-0.7104756667583171,2.0,2
0.5,0.0,-1.0,0.4311245532031894,0.0,1
1.0,-0.5,1.0,-0.1715699752543303,1.0,1
-1.0,1.0,0.0,-0.12317844377233968,1.0,0
-1.0,-0.5,-0.5,-0.8490514160021994,-1.0,1
-0.5,-0.5,-1.0,0.4773164696178171,0.0,1
1.0,-1.0,1.0,0.139675556777564,0.0,0
0.0,-1.0,0.0,0.5927962606543856,1.0,1
-0.5,0.0,0.5,-0.3541380258454767,2.0,2
0.5,-1.0,-1.0,-0.8281550728622489,-2.0,0
0.0,-1.0,-1.0,-0.13087709650811083,0.0,1
-1.0,1.0,-1.0,0.8688479516084686,1.0,1
0.0,0.0,-1.0,0.9084410228210068,0.0,1
-0.5,0.5,-0.5,0.9513335166345889,0.0,2
0.5,1.0,0.5,-0.6972779763541378,2.0,1
1.0,0.0,-1.0,0.1528732471817434,0.0,3
-1.0,1.0,-0.5,-0.2958482265603518,-1.0,0
0.0,-0.5,0.0,0.9887269727797634,-1.0,1
-0.5,0.5,-1.0,-0.9711300522408578,-1.0,1
1.0,1.0,0.0,0.775364311245532,1.0,0
0.5,1.0,0.0,-0.7346714324993122,0.0,1
-0.5,1.0,-1.0,-0.7687654660434421,-2.0,2
0.0,0.0,-1.0,0.3310420676381636,-1.0,1
-1.0,0.0,0.0,0.045092108880946044,0.0,0
-0.5,-0.5,0.5,-0.22985977453945539,0.0,0
-1.0,1.0,0.0,-0.7731646961781683,1.0,1
0.0,1.0,0.0,-0.7401704701677204,0.0,1
-1.0,1.0,-0.5,0.9337365960956833,-1.0,1
0.5,0.5,0.5,0.09458344789661831,-2.0,1
-1.0,1.0,0.5,0.6631839428100084,-1.0,1
-0.5,-0.5,-1.0,0.7698652735771245,0.0,0
0.5,0.0,1.0,-0.2584547704151771,2.0,1
0.0,0.0,-1.0,0.37613417651910924,-1.0,1
1.0,0.5,1.0,0.13857574924388236,0.0,0
0.5,-1.0,-1.0,0.635688754467968,0.0,1
1.0,-0.5,0.0,-0.26395380808358515,-2.0,1
-1.0,0.5,0.0,0.13747594171020072,0.0,0
1.0,1.0,0.5,0.3519384107781138,2.0,1
-0.5,0.5,-1.0,0.6609843277426452,2.0,1
-0.5,-0.5,-1.0,0.09568325543029996,-2.0,1
0.0,-0.5,1.0,-0.9975254330492163,2.0,1
-0.5,-0.5,-0.5,-0.7104756667583171,2.0,1
0.0,-1.0,0.0,-0.579598570250206,0.0,2
-1.0,0.5,-0.5,0.9348364036293649,0.0,1
-0.5,0.0,0.5,0.24415727247731642,0.0,3
-0.5,-0.5,0.5,0.015397305471542682,-1.0,1
0.0,0.0,1.0,0.9656310145724499,1.0,2
0.0,0.0,0.5,0.19246631839428122,0.0,1
-1.0,1.0,-0.5,0.13197690404179285,0.0,1
0.0,-0.5,1.0,-0.41902667033269164,0.0,1
0.5,0.5,0.5,-0.9953258179818529,0.0,1
-0.5,-0.5,-1.0,0.02419576574099549,1.0,1
1.0,1.0,0.0,-0.41242782513060194,1.0,1
-0.5,1.0,0.5,0.21116304646686848,1.0,1
0.5,0.5,-1.0,-0.8798460269452842,0.0,1
-0.5,1.0,1.0,-0.24085784987627148,2.0,1
-1.0,-0.5,-0.5,0.04839153148199062,-1.0,1
-1.0,0.0,0.0,0.7643662359087159,0.0,1
-1.0,1.0,0.5,0.9854275501787189,0.0,1
0.0,-0.5,-1.0,0.8171569975254331,0.0,0
-1.0,-1.0,0.0,-0.7808633489139398,0.0,0
0.0,0.0,1.0,0.4531207038768216,1.0,1
-1.0,-1.0,0.5,0.24085784987627185,-1.0,0
1.0,0.0,-0.5,0.508111080560902,0.0,2
1.0,0.5,0.5,0.44872147374209537,0.0,0
0.5,0.0,1.0,0.47621666208413543,0.0,0
0.5,1.0,0.0,-0.6807808633489136,0.0,1
-0.5,-0.5,-0.5,-0.80835853725598,0.0,2
0.5,0.5,-1.0,-0.7390706626340388,0.0,0
1.0,-1.0,0.0,0.4861149298872699,-1.0,1
0.5,0.0,-1.0,-0.20456420126477842,-2.0,1
0.5,1.0,1.0,-0.14627440197965333,-1.0,1
-0.5,-0.5,0.0,-0.6037943359912014,0.0,2
1.0,1.0,1.0,-0.010998075336815743,0.0,1
-0.5,0.5,1.0,0.8754467968105581,-1.0,1
-1.0,-1.0,0.0,-0.11657959857025016,1.0,1
0.5,1.0,1.0,-0.3959307121253776,0.0,1
-1.0,-0.5,-0.5,-0.8930437173494636,-1.0,0
-1.0,0.5,-0.5,0.8017596920538907,0.0,1
-1.0,-0.5,-1.0,0.3662359087159748,1.0,1
0.5,-1.0,-1.0,0.5708001099807534,0.0,1
-1.0,-0.5,-1.0,-0.7808633489139398,0.0,1
1.0,0.5,0.0,0.7082760516909541,2.0,1
0.5,1.0,0.0,-0.17486939785537506,2.0,1
0.5,1.0,0.0,-0.5158097332966729,0.0,1
-0.5,-0.5,0.5,0.744569700302447,0.0,0
-1.0,-1.0,0.0,0.21336266153423175,0.0,1
-1.0,1.0,0.0,-0.19576574099532562,1.0,1
-0.5,-1.0,-0.5,0.2705526532856752,-2.0,1
-1.0,0.5,0.0,0.14517459444597222,0.0,2
-1.0,-1.0,-0.5,-0.737970855100357,0.0,1
-0.5,-0.5,-0.5,-0.12647786637338462,1.0,1
0.5,-0.5,1.0,-0.0428924938135824,-2.0,0
-1.0,0.0,-1.0,-0.8402529557327466,1.0,3
-0.5,1.0,-1.0,-0.15947209238383292,1.0,1
0.5,-0.5,0.5,0.8149573824580698,0.0,1
0.5,-0.5,0.0,-0.42122628540005475,0.0,1
1.0,0.0,-0.5,-0.05499037668408014,-1.0,1
0.5,1.0,1.0,-0.43222436073687087,0.0,0
0.0,0.5,-0.5,-0.14737420951333516,0.0,1
-1.0,-0.5,1.0,-0.14297497937860876,0.0,1
0.0,0.5,-0.5,0.5466043442397582,-2.0,1
-0.5,1.0,-0.5,-0.4311245532031892,-2.0,1
0.0,0.0,0.5,-0.788562001649711,-1.0,3
-1.0,-0.5,1.0,-0.7027770140225457,1.0,1
0.5,0.0,0.0,0.6928787462194118,0.0,1
1.0,-0.5,-0.5,-0.48171569975254314,0.0,1
1.0,-0.5,0.0,-0.2661534231509484,1.0,1
0.5,-1.0,-1.0,-0.5686004949133899,0.0,1
0.5,0.0,0.0,0.3904316744569703,0.0,1
-0.5,0.0,0.5,0.5993951058564752,0.0,2
0.0,-0.5,-1.0,0.9579323618366787,0.0,0
-0.5,0.5,0.0,-0.9689304371734944,0.0,1
0.5,0.0,0.5,-0.7456695078361285,-2.0,1
1.0,-0.5,0.5,-0.6092933736596093,1.0,1
-1.0,-0.5,-0.5,-0.9469342864998623,0.0,2
1.0,-1.0,-0.5,0.3706351388507014,-2.0,1
0.0,0.0,-0.5,-0.4553203189441845,0.0,1
1.0,1.0,0.0,-0.36513610118229295,-1.0,1
1.0,1.0,-0.5,-0.3508386032444318,0.0,1
-0.5,-1.0,0.0,-0.961231784437723,-1.0,1
-1.0,-0.5,0.5,-0.5982952983227933,-1.0,1
1.0,1.0,0.0,-0.2892493813582621,-2.0,0
0.5,1.0,0.5,0.18256805059114675,0.0,1
0.5,-1.0,0.5,0.014297497937861036,0.0,1
-0.5,-0.5,1.0,0.19026670332691792,1.0,1
1.0,1.0,0.5,-0.4762166620841351,0.0,1
0.0,1.0,1.0,-0.9766290899092657,0.0,1
1.0,1.0,-0.5,-0.7016772064888642,-1.0,1
-0.5,0.0,0.0,0.12647786637338496,-1.0,1
1.0,0.5,-0.5,-0.7742645037118502,0.0,1
-0.5,-1.0,-1.0,0.24415727247731642,-2.0,0
0.0,0.5,0.0,-0.9359362111630462,0.0,0
1.0,0.0,0.5,0.40912840252955757,1.0,1
-0.5,-1.0,-1.0,0.8886444872147375,0.0,0
-0.5,-0.5,-0.5,-0.6125927962606541,-1.0,1
-1.0,0.5,1.0,0.8391531481990653,-1.0,3
0.5,-1.0,0.0,0.7709650811108057,2.0,0
1.0,0.0,-0.5,0.4685180093483643,-1.0,1
0.5,-1.0,-1.0,-0.8105581523233433,0.0,1
-0.5,0.5,-1.0,-0.12097882870497638,0.0,1
1.0,1.0,0.5,-0.7764641187792135,1.0,0
0.5,1.0,0.0,-0.32664283750343664,0.0,1
-0.5,-0.5,-1.0,0.7599670057739897,0.0,0
0.0,0.0,0.5,0.9238383282925487,0.0,3
0.5,-1.0,-0.5,0.22436073687104785,2.0,1
-1.0,-1.0,0.0,-0.9942260104481713,-1.0,1
-0.5,0.0,-0.5,-0.6653835578773711,-1.0,1
1.0,0.5,1.0,-0.3024470717624413,0.0,1
0.0,0.0,-1.0,-0.40472917239483064,0.0,1
-1.0,-0.5,1.0,-0.3937310970580147,-2.0,1
-1.0,0.0,1.0,-0.1693703601869672,1.0,1
0.0,1.0,1.0,0.7038768215562279,0.0,1
-1.0,-1.0,-0.5,0.7346714324993125,0.0,0
-0.5,0.5,-1.0,0.7071762441572724,0.0,0
-0.5,0.0,0.0,-0.2100632389331863,0.0,1
-0.5,-1.0,0.0,-0.28594995875721735,2.0,1
0.0,-1.0,-1.0,-0.41902667033269164,-1.0,1
1.0,-0.5,-0.5,0.5828979928512511,0.0,1
0.5,-0.5,-1.0,-0.05169095408303521,-2.0,1
1.0,-0.5,-1.0,-0.46411877921363753,0.0,1
-1.0,-0.5,0.0,-0.4003299422601042,0.0,1
0.0,1.0,-1.0,-0.7709650811108054,1.0,1
-1.0,-1.0,0.5,-0.013197690404179034,-1.0,1
-1.0,-1.0,-1.0,-0.5059114654935385,0.0,1
-1.0,0.5,-1.0,0.5312070387682156,0.0,1
-1.0,1.0,-0.5,-0.5664008798460266,0.0,1
-0.5,-1.0,-1.0,0.10778113830079734,0.0,1
-1.0,1.0,1.0,-0.47291723948309033,-2.0,1
0.5,-0.5,-0.5,-0.7093758592246354,0.0,2
0.0,-0.5,1.0,0.8743469892768765,0.0,1
-1.0,-1.0,0.0,0.19246631839428122,0.0,1
-1.0,-0.5,0.5,0.6785812482815508,-1.0,1
1.0,-1.0,1.0,0.20126477866373402,0.0,1
1.0,-0.5,1.0,-0.696178168820456,0.0,1
-1.0,1.0,0.5,-0.17047016772064866,2.0,1
-1.0,-1.0,-1.0,0.5587022271102556,0.0,1
0.5,0.0,0.5,-0.24745669507836135,-1.0,1
0.0,0.5,-1.0,0.8325543029969754,0.0,1
-1.0,0.5,0.5,-0.018696728072587262,0.0,1
-1.0,-0.5,0.5,0.8710475666758316,-1.0,1
1.0,-1.0,1.0,-0.2771514984877644,0.0,1
0.0,1.0,1.0,-0.4025295573274675,2.0,1
1.0,-0.5,-1.0,-0.48171569975254314,0.0,1
1.0,-0.5,-1.0,-0.9161396755567771,-1.0,1
0.0,-1.0,0.0,-0.48171569975254314,0.0,1
-0.5,1.0,-1.0,0.07148748968930448,2.0,1
1.0,0.5,0.5,-0.5675006873797083,-1.0,1
1.0,0.0,0.5,0.13637613417651906,-2.0,2
0.5,-0.5,1.0,0.4641187792136377,0.0,1
1.0,0.0,0.0,0.8138575749243881,0.0,1
-0.5,0.5,1.0,0.7775639263128953,0.0,1
0.0,1.0,-1.0,0.6125927962606545,0.0,1
-0.5,1.0,0.0,-0.6301897167995598,0.0,1
0.0,0.5,-0.5,0.49271377508935943,-1.0,1
0.0,-1.0,-0.5,-0.9788287049766285,0.0,1
-1.0,0.0,0.0,0.3090459169645314,0.0,1
0.5,-1.0,0.0,0.16937036018696736,0.0,1
0.5,-0.5,1.0,0.3002474566950786,0.0,0
-1.0,0.0,0.0,0.3695353313170197,0.0,0
-1.0,0.5,1.0,0.3904316744569703,-1.0,1
1.0,0.0,-0.5,0.9073412152873248,0.0,0
-0.5,0.5,1.0,-0.5191091558977177,-2.0,1
0.5,1.0,-0.5,0.9304371734946383,0.0,1
-1.0,0.0,1.0,0.8886444872147375,0.0,1
0.5,-0.5,1.0,0.8765466043442398,1.0,1
-0.5,-1.0,-0.5,0.6268902941985152,0.0,1
0.0,-0.5,-0.5,-0.2760516909540829,0.0,1
0.0,0.0,-0.5,0.32884245257080025,0.0,1
1.0,0.5,1.0,0.15177343964806175,-1.0,3
1.0,0.0,0.5,-0.06598845202089625,0.0,1
-0.5,-1.0,1.0,0.48501512235358823,-1.0,1
-0.5,0.0,-0.5,0.30244707176244184,0.0,1
0.5,-1.0,-0.5,0.16277151498487785,1.0,1
0.5,-1.0,-1.0,0.09018421776189173,0.0,1
-0.5,-0.5,-1.0,-0.2661534231509484,1.0,2
0.5,1.0,-1.0,0.045092108880946044,-1.0,1
0.0,1.0,0.0,-0.9579323618366782,-1.0,1
0.5,0.0,1.0,-0.4740170470167718,2.0,1
-1.0,0.0,0.0,0.34533956557602424,0.0,1
-0.5,0.0,0.0,0.7181743194940886,0.0,0
1.0,1.0,0.5,-0.14627440197965333,-1.0,1
-0.5,-1.0,0.0,-0.4828155072862246,0.0,1
-0.5,1.0,-1.0,0.6312895243332418,0.0,1
-0.5,0.0,0.5,0.1330767115754745,0.0,1
0.0,0.5,1.0,-0.788562001649711,0.0,2
0.5,-1.0,0.5,-0.6422875996700576,0.0,1
-1.0,0.0,-0.5,-0.13747594171020036,0.0,1
-1.0,1.0,-1.0,0.7720648886444874,0.0,1
1.0,-1.0,1.0,-0.7324718174319492,0.0,1
1.0,-0.5,0.5,-0.5279076161671704,0.0,0
-0.5,-0.5,0.5,0.06818806708825953,-1.0,1
1.0,0.5,0.5,-0.3442397580423424,0.0,1
-1.0,0.0,0.5,0.9887269727797634,0.0,1
-1.0,-1.0,-1.0,0.039593071212537814,0.0,2
-1.0,-1.0,0.0,-0.9249381358262301,-1.0,0
0.5,0.0,0.5,0.7808633489139403,1.0,1
-1.0,-1.0,-1.0,0.32334341490239205,0.0,1
-0.5,0.5,-0.5,-0.6466868298047839,-2.0,1
-0.5,-0.5,0.5,0.7830629639813032,2.0,1
-0.5,1.0,-0.5,-0.3695353313170194,-1.0,1
0.0,-1.0,-1.0,0.2947484190266703,0.0,1
1.0,-0.5,0.5,-0.9876271652460817,0.0,1
0.5,-1.0,-1.0,-0.9282375584272751,-2.0,0
0.5,-0.5,0.5,-0.5850976079186141,2.0,1
-1.0,0.5,-0.5,0.3772339840527909,1.0,1
0.5,0.5,0.5,0.9106406378883695,2.0,3
-1.0,0.5,-0.5,-0.1275776739070661,1.0,0
-0.5,-1.0,-0.5,-0.309045916964531,0.0,1
-1.0,0.5,1.0,-0.026395380808358425,0.0,0
0.0,1.0,0.0,-0.9403354412977725,-1.0,0
-0.5,0.5,0.5,-0.9062414077536428,0.0,1
-0.5,1.0,-1.0,0.666483365411053,0.0,1
-1.0,0.5,-1.0,0.8413527632664283,0.0,1
1.0,0.0,-0.5,0.978828704976629,0.0,1
-0.5,0.5,-0.5,-0.7423700852350837,-2.0,0
-0.5,0.5,-1.0,0.042892493813582754,1.0,1
0.5,-0.5,-1.0,0.5762991476491616,1.0,2
-0.5,0.5,1.0,0.5510035743744844,1.0,1
1.0,-1.0,-1.0,-0.36623590871597445,-1.0,1
0.0,0.5,1.0,-0.42782513060214444,0.0,1
-0.5,0.5,0.0,0.7995600769865275,-1.0,1
0.0,0.5,-0.5,0.3772339840527909,1.0,1
-1.0,-0.5,-1.0,0.25845477041517745,1.0,1
0.5,0.5,0.0,-0.1737695903216936,0.0,0
1.0,0.0,0.5,0.47951608468518003,0.0,1
-1.0,1.0,-1.0,0.3706351388507014,0.0,0
-1.0,1.0,-0.5,0.7863623865823481,-2.0,0
1.0,0.5,0.0,-0.9854275501787184,-2.0,1
1.0,0.5,1.0,0.5631014572449823,1.0,1
0.0,1.0,-0.5,0.6730822106131429,-2.0,1
1.0,0.5,0.5,0.08468518009348386,0.0,1
-1.0,1.0,0.5,-0.10558152323343406,0.0,1
-1.0,0.5,0.0,-0.06928787462194118,1.0,1
1.0,-1.0,-1.0,-0.36623590871597445,1.0,1
-1.0,-0.5,-0.5,-0.0846851800934835,1.0,1
0.5,0.0,0.5,-0.6037943359912014,2.0,1
-1.0,-0.5,1.0,-0.7313720098982676,0.0,1
1.0,-0.5,0.5,-0.8688479516084683,1.0,1
0.5,0.0,0.5,-0.626890294198515,2.0,1
0.5,-0.5,1.0,-0.902941985152598,-1.0,1
1.0,1.0,0.5,0.6400879846026946,0.0,0
-0.5,-1.0,-0.5,-0.2606543854825404,0.0,1
-0.5,-0.5,-1.0,0.42672532306846317,2.0,1
-1.0,0.0,-1.0,0.5784987627165246,-1.0,1
0.5,0.0,-0.5,0.17926862799010218,-2.0,1
-0.5,0.0,0.0,-0.24195765740995295,1.0,1
0.0,-1.0,0.0,0.13747594171020072,0.0,1
-1.0,0.5,-1.0,-0.22656035193841062,0.0,1
1.0,0.5,0.0,0.7027770140225462,0.0,0
0.0,0.0,0.5,0.6829804784162773,0.0,1
-0.5,1.0,-1.0,0.9029419851525983,0.0,2
-0.5,1.0,0.0,-0.663183942810008,0.0,1
1.0,-1.0,0.0,-0.4916139675556776,-2.0,0
-1.0,-0.5,0.0,0.7654660434423975,-1.0,0
-0.5,1.0,-0.5,-0.018696728072587262,1.0,1
-0.5,-1.0,-0.5,-0.4289249381358263,0.0,1
-1.0,0.5,0.5,0.57519934011548,0.0,1
-0.5,-1.0,0.5,0.5543029969755294,0.0,0
-1.0,0.0,1.0,-0.5334066538355785,-1.0,1
-1.0,0.0,1.0,0.08908441022821009,0.0,1
0.5,0.5,-1.0,-0.3024470717624413,-2.0,1
1.0,1.0,0.0,0.836953533131702,2.0,1
1.0,1.0,1.0,-0.23645861974154508,1.0,1
-1.0,-1.0,-1.0,0.5004124278251306,0.0,0
-1.0,0.5,-1.0,0.8864448721473743,0.0,1
0.5,-1.0,1.0,-0.27275226835303795,0.0,1
0.5,1.0,0.5,0.16607093758592242,0.0,1
1.0,0.5,0.5,-0.22326092933736585,0.0,0
-0.5,1.0,0.5,-0.4003299422601042,0.0,1
-0.5,0.5,-1.0,0.6301897167995602,0.0,2
-0.5,-1.0,-1.0,0.7654660434423975,0.0,0
0.0,-1.0,-0.5,0.9183392906241409,2.0,1
-1.0,1.0,0.0,0.3211437998350291,-2.0,1
1.0,-1.0,1.0,-0.15617266978278815,1.0,1
-1.0,0.5,-0.5,0.5784987627165246,0.0,1
-0.5,-0.5,0.0,-0.975529282375584,-1.0,1
1.0,0.0,0.0,-0.3838328292548802,1.0,3
0.0,0.5,1.0,0.6488864448721474,-1.0,1
-0.5,-1.0,0.5,0.544404729172395,0.0,1
-1.0,0.5,-1.0,-0.2815507286224913,-1.0,1
-1.0,-1.0,0.5,0.5312070387682156,2.0,1
-0.5,0.0,0.5,0.17816882045642018,1.0,1
-0.5,-1.0,1.0,0.6895793236183668,0.0,1
0.0,-0.5,1.0,-0.44212262854000534,0.0,1
0.0,0.0,0.0,-0.1737695903216936,1.0,3
-0.5,-0.5,-1.0,0.7423700852350841,0.0,1
0.0,-0.5,0.5,-0.1627715149848775,-1.0,1
0.5,0.0,0.5,-0.7126752818256803,-2.0,1
-1.0,-0.5,0.5,0.010998075336816099,0.0,1
-0.5,0.5,1.0,-0.31234533956557575,1.0,1
0.5,-0.5,1.0,-0.7478691229034916,0.0,0
0.0,1.0,0.0,0.6433874072037395,0.0,1
-0.5,0.5,-1.0,-0.7181743194940882,1.0,0
0.5,-1.0,1.0,-0.7929612317844372,0.0,1
0.0,-0.5,-0.5,0.6565850976079185,0.0,1
0.5,0.0,0.5,0.6169920263953808,-1.0,2
-0.5,-0.5,-0.5,0.48501512235358823,-2.0,1
-0.5,-1.0,1.0,-0.5378058839703049,-1.0,1
-0.5,-0.5,-0.5,-0.5532031894418472,0.0,2
0.5,0.0,-1.0,0.1946659334616445,0.0,1
0.0,-0.5,-0.5,-0.5609018421776187,0.0,1
0.5,-1.0,-1.0,-0.9304371734946382,1.0,1
-0.5,-1.0,0.0,0.35083860324443283,-1.0,1
1.0,0.5,-1.0,0.724773164696178,0.0,1
0.0,-1.0,0.0,0.279351113555128,0.0,3
0.5,0.5,-1.0,0.4894143524883145,0.0,1
-0.5,0.0,-0.5,-0.12427825130602149,0.0,1
-0.5,-1.0,-0.5,-0.12207863623865803,-2.0,0
-0.5,-0.5,0.5,0.02419576574099549,0.0,0
1.0,-0.5,0.5,-0.6499862524058286,-1.0,1
0.0,0.5,-1.0,1.0030244707176244,0.0,1
-1.0,1.0,-0.5,-0.9183392906241405,0.0,1
0.5,-1.0,-0.5,0.3211437998350291,0.0,1
0.5,0.5,1.0,0.3904316744569703,1.0,1
0.0,0.0,-1.0,-0.3167445697003022,0.0,1
0.0,-1.0,0.5,-0.22985977453945539,0.0,1
0.5,-0.5,-1.0,0.4553203189441849,2.0,1
0.0,-1.0,0.0,-0.7148748968930434,1.0,1
0.0,-1.0,-0.5,-0.07918614242507528,1.0,1
-1.0,-0.5,1.0,-0.3310420676381632,2.0,1
0.0,-1.0,-0.5,-0.36403629364861134,1.0,3
-1.0,0.0,-1.0,-0.5631014572449818,2.0,0
1.0,-1.0,0.5,0.14957382458069846,0.0,2
-0.5,0.5,0.5,0.7511685455045368,-2.0,2
1.0,-1.0,-1.0,-0.10338190816607076,2.0,1
0.5,-1.0,1.0,-0.2496563101457243,0.0,1
0.5,0.0,-1.0,0.8050591146549357,2.0,1
-1.0,1.0,0.5,0.05169095408303556,0.0,1
-1.0,0.5,0.5,0.26725323068463025,0.0,1
1.0,-1.0,0.0,-0.2342590046741818,0.0,1
-1.0,1.0,-0.5,0.7148748968930436,1.0,1
0.5,1.0,-0.5,0.5345064613692605,0.0,1
-0.5,1.0,0.0,0.6378883695353312,-1.0,0
-0.5,-0.5,1.0,0.3299422601044823,2.0,2
0.0,0.0,0.5,-0.9524333241682703,-2.0,1
-1.0,0.5,-0.5,-0.3013472642287597,0.0,1
0.0,0.5,-0.5,-0.4740170470167718,-1.0,3
-0.5,-1.0,-0.5,-0.7599670057739893,-1.0,1
1.0,0.5,-1.0,1.004124278251306,-1.0,1
0.5,-0.5,-0.5,0.45422051141050324,-2.0,1
-1.0,-0.5,0.5,-0.9084410228210061,0.0,1
1.0,1.0,0.5,0.9678306296398133,0.0,3
1.0,0.5,0.5,-0.2837503436898541,0.0,1
0.5,0.0,-0.5,0.6081935661259279,-2.0,1
0.0,0.0,0.5,0.38493263678856204,0.0,1
-1.0,0.0,0.0,-0.37283475391806414,0.0,1
0.0,0.0,0.0,-0.9678306296398128,1.0,1
0.5,-1.0,0.5,0.2573549628814958,0.0,1
-0.5,0.5,-0.5,0.23095958207313738,0.0,1
-0.5,-0.5,1.0,-0.5675006873797083,-2.0,1
-1.0,0.0,0.5,-0.5751993401154796,0.0,1
0.5,-0.5,0.5,-0.24635688754467971,0.0,0
0.0,-1.0,0.5,-0.10338190816607076,-1.0,0
0.5,0.5,1.0,0.04619191641462769,0.0,1
-1.0,0.0,-0.5,-0.48831454495463267,1.0,0
0.5,1.0,0.0,0.9667308221061316,-1.0,2
-1.0,0.5,1.0,-0.5389056915039864,0.0,3
-0.5,-1.0,1.0,0.2606543854825407,0.0,1
-1.0,0.0,-0.5,0.31124553203189465,-2.0,1
1.0,0.0,1.0,0.6598845202089635,0.0,1
0.5,1.0,-1.0,0.789661809183393,0.0,1
-0.5,1.0,0.5,0.032994226010448297,0.0,1
-1.0,-1.0,-0.5,0.9227385207588672,0.0,1
-0.5,-1.0,1.0,0.1726697827880123,0.0,1
-0.5,-0.5,0.0,0.9370360186967281,-2.0,3
-0.5,-0.5,-1.0,0.5477041517734396,-2.0,1
0.0,1.0,0.0,0.05718999175144379,1.0,1
0.0,0.5,0.5,0.9700302447071761,-1.0,1
0.0,1.0,-1.0,-0.7522683530382178,0.0,1
-1.0,0.5,0.0,0.4685180093483643,0.0,0
-1.0,1.0,1.0,0.7555677756392631,-1.0,1
0.5,-1.0,-1.0,0.3695353313170197,1.0,0
-1.0,1.0,0.5,0.8985427550178721,2.0,1
1.0,-0.5,0.5,0.884245257080011,1.0,1
-0.5,0.5,-0.5,-0.10228210063238911,-1.0,1
-0.5,-1.0,1.0,0.1616717074511962,-1.0,1
-1.0,-1.0,1.0,0.7929612317844376,0.0,1
-1.0,-0.5,0.0,-0.7599670057739893,-2.0,1
1.0,0.0,-0.5,0.2694528457519936,0.0,1
-1.0,-0.5,1.0,0.48501512235358823,2.0,1
0.5,-0.5,1.0,0.042892493813582754,0.0,0
-1.0,1.0,-1.0,0.11877921363761344,-1.0,1
0.5,-0.5,0.5,-0.22216112180368386,1.0,1
0.0,1.0,0.0,-0.06598845202089625,0.0,1
0.0,-1.0,0.5,-0.7434698927687652,0.0,1
1.0,0.0,1.0,-0.09128402529557302,2.0,0
0.5,0.0,-0.5,-0.9480340940335439,0.0,1
0.0,1.0,1.0,-0.3057464943634863,1.0,1
-0.5,-1.0,0.0,0.6609843277426452,0.0,1
1.0,0.0,-0.5,0.653285675006874,0.0,1
0.5,0.0,0.5,-0.8314544954632936,0.0,1
0.0,-0.5,1.0,0.09458344789661831,0.0,1
-1.0,1.0,0.0,-0.6081935661259278,0.0,0
-1.0,0.5,0.0,-0.20786362386582335,2.0,1
-0.5,0.0,0.0,0.14627440197965352,-1.0,1
0.0,-0.5,0.5,0.41462744019796544,2.0,0
-0.5,1.0,0.5,-0.8237558427275224,-2.0,1
1.0,-1.0,-0.5,-0.29804784162771475,0.0,3
0.5,-1.0,1.0,-0.5037118504261752,0.0,1
0.0,0.0,0.5,0.47071762441572723,2.0,1
0.5,1.0,-1.0,-0.2815507286224913,0.0,1
0.5,-0.5,-1.0,0.013197690404179391,0.0,1
0.0,1.0,0.0,-0.4894143524883143,-2.0,1
1.0,-0.5,-1.0,0.41902667033269203,-2.0,3
-0.5,1.0,1.0,-0.48831454495463267,0.0,2
1.0,-0.5,0.5,-0.2782513060214464,2.0,1
-0.5,0.5,-1.0,-0.3068463018971677,0.0,2
-1.0,-1.0,1.0,-0.8765466043442395,1.0,1
-0.5,-0.5,0.0,0.3662359087159748,1.0,0
0.0,1.0,0.5,-0.556502612042892,0.0,1
0.0,1.0,-0.5,-0.05499037668408014,0.0,0
1.0,-0.5,0.5,-0.42122628540005475,0.0,1
-1.0,-0.5,0.0,0.5004124278251306,0.0,0
1.0,0.0,-0.5,-0.9876271652460817,1.0,1
-0.5,1.0,-1.0,0.7082760516909541,0.0,1
1.0,-1.0,-1.0,0.06268902941985166,-2.0,1
-0.5,-1.0,-1.0,0.22546054440472915,-1.0,1
0.0,-0.5,0.0,0.34973879571075084,0.0,1
-1.0,0.5,-0.5,-0.21336266153423122,1.0,2
1.0,0.5,1.0,0.5191091558977179,0.0,1
0.5,-1.0,-1.0,0.006598845202089873,-1.0,1
-1.0,0.5,-1.0,0.23095958207313738,1.0,1
-0.5,1.0,0.5,-0.9854275501787184,-1.0,1
0.0,0.5,0.0,-0.001099807533681289,-1.0,0
-1.0,0.0,-1.0,0.9821281275776742,1.0,0
0.0,-1.0,0.0,0.5697003024470717,1.0,1
0.5,1.0,1.0,-0.2914489964256254,0.0,1
-0.5,0.0,-1.0,0.9524333241682705,0.0,1
1.0,0.5,0.0,0.9139400604894143,1.0,1
-0.5,-0.5,-0.5,0.42782513060214483,0.0,1
-0.5,1.0,0.0,-0.6708825955457792,0.0,1
-0.5,0.0,-0.5,0.3475391806433879,0.0,1
-0.5,-1.0,-0.5,0.545504536706077,0.0,1
-1.0,0.5,-1.0,-0.8435523783337914,0.0,0
0.5,0.0,1.0,0.2155622766015947,-2.0,1
0.5,0.5,0.5,-0.3717349463843823,-1.0,1
1.0,0.0,-0.5,0.7874621941160301,2.0,1
1.0,-0.5,0.0,-0.6125927962606541,1.0,1
0.5,0.0,-1.0,-0.21666208413527616,0.0,1
1.0,-1.0,0.0,0.5598020346439373,1.0,1
1.0,0.0,-1.0,0.7863623865823481,0.0,1
0.0,0.0,1.0,-0.7962606543854823,0.0,1
-0.5,0.0,0.0,-0.7951608468518008,-2.0,1
-1.0,0.0,-1.0,-0.3068463018971677,0.0,1
-0.5,1.0,-1.0,0.5697003024470717,0.0,1
0.0,-0.5,0.0,0.8677481440747871,0.0,1
-1.0,1.0,1.0,0.8864448721473743,-1.0,1
-1.0,0.0,0.5,-0.4916139675556776,0.0,1
-1.0,0.0,-0.5,-0.1649711300522408,0.0,0
-0.5,0.5,-0.5,0.32884245257080025,1.0,1
1.0,0.0,0.0,-0.44762166620841337,0.0,2
-0.5,-0.5,0.0,0.6279901017321968,-1.0,0
-1.0,0.0,1.0,0.32334341490239205,0.0,1
-1.0,-1.0,-1.0,-0.6400879846026942,1.0,0
-1.0,0.0,0.5,0.5598020346439373,1.0,1
1.0,0.0,-1.0,0.5993951058564752,0.0,1
0.5,0.0,-0.5,-0.5378058839703049,1.0,1
0.0,-0.5,0.5,-0.9645312070387679,0.0,1
-0.5,0.0,-0.5,-0.43552378333791564,0.0,1
0.0,-0.5,-1.0,0.8743469892768765,2.0,0
1.0,0.0,0.0,0.6763816332141874,1.0,1
-0.5,1.0,0.5,0.945834478966181,2.0,2
-1.0,-0.5,0.0,-0.19246631839428066,0.0,1
0.5,0.0,-0.5,-0.5729997250481164,0.0,0
-0.5,-1.0,-1.0,-0.5697003024470717,0.0,1
1.0,0.0,-1.0,-0.2540555402804507,0.0,1
1.0,1.0,0.0,-0.582897992851251,0.0,1
1.0,-1.0,-0.5,0.041792686279901105,-2.0,1
-1.0,0.5,0.5,-0.6466868298047839,0.0,1
0.0,1.0,1.0,-0.666483365411053,-1.0,1
-1.0,0.0,-0.5,-0.574099532581798,0.0,1
0.0,0.5,0.0,-0.2650536156172668,-1.0,1
0.5,-0.5,0.5,0.6807808633489141,0.0,1
1.0,0.0,-1.0,-0.8688479516084683,1.0,1
-0.5,-1.0,0.5,-0.02309595820731349,-1.0,0
0.5,0.5,0.5,0.54110530657135,0.0,1
-0.5,0.5,-0.5,0.4465218586747321,-2.0,1
-0.5,-0.5,0.0,-0.5015122353588121,-2.0,1
-1.0,-0.5,-0.5,0.8193566125927964,2.0,1
-1.0,0.0,-0.5,-0.1825680505911464,2.0,1
-0.5,1.0,1.0,-0.04949133901567227,-2.0,1
0.5,-1.0,0.0,0.06598845202089659,-1.0,1
-1.0,0.5,0.0,0.6994775914215013,0.0,1
0.5,-1.0,0.0,0.18256805059114675,0.0,1
1.0,0.5,0.0,-0.8963431399505084,0.0,1
-0.5,1.0,0.0,0.8776464118779215,2.0,2
-0.5,0.5,-1.0,-0.01649711300522397,0.0,1
1.0,-1.0,1.0,0.5949958757217488,0.0,1
0.0,-1.0,0.0,0.09458344789661831,0.0,1
-0.5,0.5,-1.0,-0.6147924113280174,-1.0,1
0.0,-1.0,0.0,0.19686554852900742,1.0,1
1.0,-1.0,0.5,-0.11767940610393181,0.0,0
0.0,1.0,1.0,-0.2584547704151771,-1.0,1
-0.5,-0.5,0.5,0.01649711300522433,0.0,1
-1.0,-1.0,0.5,0.9590321693703601,1.0,3
-1.0,0.0,1.0,0.18036843552378345,0.0,1
1.0,0.0,0.5,0.7401704701677208,0.0,1
-1.0,-1.0,1.0,0.08468518009348386,-2.0,2
-1.0,-0.5,1.0,-0.22656035193841062,2.0,1
-1.0,-0.5,0.5,0.5059114654935388,0.0,1
0.5,-0.5,1.0,0.5213087709650811,0.0,1
-0.5,1.0,0.5,0.4773164696178171,0.0,1
0.0,0.5,0.5,0.7720648886444874,0.0,1
-0.5,1.0,0.5,-0.4377233984052789,0.0,1
-0.5,0.5,-1.0,-0.944734671432499,0.0,1
0.5,-1.0,-0.5,-0.2749518834204012,-1.0,1
-1.0,1.0,-0.5,-0.7478691229034916,0.0,0
0.5,-0.5,0.0,-0.5455045367060762,0.0,1
1.0,0.5,1.0,-0.060489414352488016,1.0,1
-0.5,0.5,-1.0,-0.3849326367885619,2.0,1
-1.0,1.0,-0.5,-0.7918614242507558,0.0,0
-1.0,-0.5,-1.0,-0.7467693153698101,0.0,1
-0.5,-1.0,-1.0,-0.2650536156172668,-1.0,0
0.5,0.5,-1.0,0.942535056365136,-1.0,2
0.0,-0.5,-0.5,1.0019246631839427,1.0,3
1.0,0.0,-0.5,-0.2562551553478142,0.0,1
1.0,-0.5,-1.0,-0.20676381633214172,0.0,1
0.0,0.0,-0.5,0.37833379158647257,0.0,0
-0.5,0.5,-1.0,0.7038768215562279,-2.0,2
0.5,0.0,0.0,-0.9689304371734944,-2.0,2
-1.0,1.0,-0.5,0.7291723948309047,0.0,0
-1.0,-0.5,-0.5,-0.5642012647786635,-1.0,1
0.5,-0.5,1.0,-0.06708825955457788,-1.0,1
0.0,-0.5,0.5,-0.5015122353588121,1.0,1
-1.0,0.5,-1.0,0.07148748968930448,0.0,0
-1.0,0.0,0.0,-0.7599670057739893,2.0,0
1.0,-1.0,1.0,-0.0868847951608468,2.0,0
-0.5,0.0,0.0,-0.44872147374209503,0.0,1
0.5,-0.5,0.5,0.42342590046741824,1.0,1
-1.0,-1.0,0.0,0.16277151498487785,0.0,2
0.0,0.5,0.5,-0.18036843552378293,0.0,1
0.0,1.0,-0.5,0.7687654660434424,1.0,1
0.5,-0.5,1.0,0.5872972229859774,0.0,1
1.0,1.0,-0.5,0.527907616167171,0.0,1
0.5,1.0,-1.0,-0.48721473742095117,-1.0,1
0.0,0.5,-1.0,-0.766565850976079,2.0,1
-0.5,0.0,-0.5,0.8127577673907065,-2.0,1
1.0,-0.5,0.0,-0.7247731646961779,0.0,1
0.5,1.0,0.0,-0.3233434149023919,2.0,1
-1.0,0.5,1.0,0.25405554028045085,0.0,1
0.0,1.0,0.0,0.66428375034369,1.0,0
0.5,-0.5,0.0,0.49711300522408597,0.0,1
1.0,0.0,-1.0,0.12097882870497674,-1.0,1
1.0,0.5,0.0,-0.12317844377233968,0.0,1
0.5,0.0,-0.5,-0.3013472642287597,0.0,1
0.5,0.5,0.0,-0.09898267803134418,0.0,1
-1.0,0.0,-0.5,-0.2540555402804507,0.0,1
0.5,0.5,0.0,-0.012097882870497388,0.0,0
1.0,-1.0,0.0,0.17706901292273852,2.0,2
-1.0,1.0,0.0,0.16497113005224115,2.0,1
-1.0,1.0,0.0,-0.4058289799285124,0.0,1
0.5,-1.0,0.0,-0.6279901017321968,2.0,1
-1.0,1.0,-1.0,-0.34863898817706884,2.0,1
1.0,-1.0,0.0,0.41792686279901037,2.0,1
0.5,-1.0,-0.5,-0.3310420676381632,0.0,1
-0.5,0.0,-0.5,0.25405554028045085,-1.0,0
-0.5,0.0,-0.5,-0.9546329392356334,0.0,1
0.5,-1.0,0.0,-0.9293373659609567,-2.0,1
-1.0,-0.5,-0.5,0.8820456420126477,0.0,2
0.5,1.0,0.5,-0.643387407203739,1.0,1
-0.5,-0.5,1.0,-0.5631014572449818,-2.0,1
1.0,0.0,0.5,-0.5718999175144347,0.0,2
-1.0,0.0,1.0,0.7885620016497114,-1.0,1
1.0,1.0,-0.5,-0.8457519934011545,0.0,1
0.5,1.0,1.0,-0.17047016772064866,0.0,1
1.0,-1.0,-0.5,-0.16607093758592226,0.0,1
0.0,0.5,0.5,-0.8204564201264777,-2.0,1
-0.5,-0.5,1.0,0.8006598845202091,0.0,1
-0.5,0.5,1.0,0.3651361011822935,-2.0,1
-0.5,1.0,0.0,-0.984327742645037,1.0,1
1.0,0.0,-0.5,-0.5773989551828426,-1.0,1
0.0,-1.0,-1.0,-0.9601319769040415,-1.0,1
-1.0,-0.5,1.0,0.11657959857025052,0.0,3
1.0,-1.0,0.0,-0.9051416002199612,0.0,2
-1.0,-1.0,-1.0,-0.3530382183117952,2.0,1
1.0,1.0,-0.5,0.18806708825955462,1.0,0
-0.5,0.5,0.0,-0.29474841902667,0.0,1
-1.0,0.0,-0.5,-0.4542205114105029,0.0,1
0.5,-1.0,0.0,0.7940610393181192,-1.0,1
0.0,0.5,-0.5,0.3376409128402531,-1.0,1
-0.5,-1.0,0.5,-0.3167445697003022,2.0,2
1.0,1.0,0.0,0.22326092933736622,-1.0,1
0.0,-0.5,-0.5,-0.378333791586472,0.0,1
-0.5,1.0,0.0,0.4729172394830905,-2.0,1
0.0,-1.0,1.0,0.7082760516909541,0.0,1
-0.5,0.0,1.0,0.26285400054990404,0.0,1
0.5,-1.0,-1.0,-0.3112455320318943,1.0,1
0.0,-1.0,0.0,0.686279901017322,-1.0,1
1.0,1.0,0.0,0.24745669507836135,0.0,1
-1.0,-1.0,1.0,-0.8633489139400601,0.0,2
1.0,0.0,-1.0,0.5938960681880673,0.0,1
1.0,1.0,1.0,0.17706901292273852,1.0,0
-1.0,0.0,0.0,0.35853725598020364,0.0,1
-1.0,-0.5,-1.0,0.2595545779488591,2.0,1
-0.5,-1.0,0.5,-0.45202089634313974,0.0,1
-1.0,-0.5,1.0,-0.010998075336815743,1.0,1
1.0,1.0,1.0,0.7687654660434424,2.0,1
0.5,0.5,-0.5,-0.2342590046741818,2.0,1
0.0,-0.5,1.0,0.6917789386857301,1.0,1
-1.0,0.0,0.0,0.39593071212537817,2.0,1
0.5,1.0,-1.0,0.6345889469342867,0.0,1
0.0,1.0,1.0,0.9909265878471267,-1.0,1
0.0,-0.5,0.0,0.6719824030794612,1.0,0
-1.0,-0.5,-1.0,-0.813857574924388,0.0,1
-0.5,0.5,0.0,0.8677481440747871,0.0,1
-0.5,-1.0,-0.5,-0.6444872147374208,-2.0,1
0.0,-0.5,1.0,0.9942260104481716,-2.0,1
0.0,1.0,-1.0,0.8699477591421503,-1.0,1
-1.0,0.5,0.5,0.16827055265328572,1.0,1
-1.0,0.0,1.0,-0.0648886444872146,0.0,1
0.5,0.0,-1.0,-0.5378058839703049,0.0,0
-1.0,-1.0,-0.5,-0.5993951058564749,1.0,1
-1.0,-1.0,-1.0,0.9689304371734945,1.0,1
0.5,1.0,0.5,-0.42122628540005475,-1.0,1
0.0,0.5,0.5,0.08798460269452844,-1.0,1
-0.5,-0.5,0.5,0.44982128127577664,0.0,2
0.5,0.5,0.5,0.4861149298872699,0.0,1
-1.0,0.5,1.0,-0.7126752818256803,1.0,1
0.5,0.0,0.0,1.007423700852351,2.0,1
1.0,-1.0,0.5,0.5532031894418478,0.0,1
0.5,-1.0,1.0,0.7192741270277702,0.0,1
0.0,-1.0,0.5,-0.7742645037118502,1.0,1
-1.0,1.0,1.0,-0.6719824030794609,2.0,1
-1.0,-1.0,1.0,0.7676656585097609,0.0,1
0.0,0.5,-1.0,-0.7236733571624963,-2.0,1
-1.0,0.0,0.5,-0.7247731646961779,0.0,1
1.0,1.0,1.0,-0.7478691229034916,0.0,1
0.0,1.0,0.5,0.8325543029969754,-1.0,1
0.5,1.0,0.0,0.3134451470992576,1.0,1
-1.0,-0.5,-1.0,-0.5114105031619465,0.0,0
0.0,0.0,0.5,-0.8875446796810555,-1.0,1
-1.0,-1.0,-0.5,-0.1891668957932361,0.0,1
1.0,0.0,-0.5,0.13747594171020072,0.0,1
-1.0,1.0,-1.0,-0.8369535331317016,0.0,1
-0.5,1.0,-0.5,0.2947484190266703,0.0,1
-1.0,0.0,1.0,0.6686829804784163,0.0,1
-0.5,-1.0,-1.0,0.09018421776189173,0.0,1
1.0,0.5,0.0,-0.7489689304371732,-2.0,1
1.0,-0.5,0.0,0.6829804784162773,0.0,1
0.5,-0.5,0.0,-0.01429749793786068,0.0,1
0.0,-1.0,0.0,-0.6752818256805057,0.0,0
-0.5,0.5,0.5,0.41572724773164704,1.0,1
1.0,1.0,0.0,-0.16827055265328572,-2.0,1
-0.5,0.5,-0.5,-0.010998075336815743,0.0,1
1.0,0.0,1.0,0.5367060764366238,0.0,1
0.5,-1.0,1.0,-0.5609018421776187,-2.0,0
0.0,-0.5,0.0,0.8567500687379709,1.0,1
1.0,1.0,-0.5,-0.6202914489964253,0.0,1
-1.0,-0.5,-0.5,-0.10008248556502583,-1.0,1
1.0,0.5,0.5,-0.7445697003024468,1.0,0
1.0,-1.0,0.0,0.04949133901567227,-1.0,1
1.0,0.5,1.0,0.6455870222711024,0.0,0
0.5,0.5,1.0,-0.4531207038768214,2.0,1
0.5,1.0,1.0,0.2936486114929887,2.0,0
1.0,1.0,1.0,0.15947209238383292,2.0,1
0.5,0.5,0.5,0.020896343139950552,-2.0,0
1.0,-1.0,-0.5,0.12757767390706626,-1.0,1
0.5,0.5,0.0,-0.026395380808358425,-1.0,1
0.5,0.5,-0.5,-0.8523508386032441,0.0,1
0.5,-1.0,-0.5,-0.9249381358262301,0.0,1
-1.0,-0.5,0.0,0.3530382183117954,1.0,1
-0.5,-1.0,-0.5,0.3178443772339842,0.0,1
0.0,1.0,1.0,0.3750343689854276,1.0,1
1.0,-0.5,0.0,0.6092933736596096,0.0,2
1.0,0.0,1.0,0.295848226560352,0.0,1
-1.0,0.5,0.5,-0.5400054990376683,-1.0,1
0.5,-0.5,-0.5,-0.5872972229859772,1.0,1
-1.0,0.0,0.0,-0.7588671982403075,1.0,1
0.0,0.5,1.0,0.4465218586747321,-1.0,1
1.0,0.0,-1.0,0.8446521858674731,0.0,1
-0.5,-1.0,-1.0,-0.7104756667583171,0.0,1
-1.0,-0.5,-1.0,0.27165246081935684,1.0,2
0.0,0.5,0.5,-0.548803959307121,0.0,1
-1.0,0.0,0.0,-0.652185867473192,1.0,0
0.5,-1.0,-1.0,-0.3332416827055261,-1.0,1
-0.5,1.0,0.0,-0.24745669507836135,-2.0,1
1.0,0.5,0.0,0.7544679681055815,0.0,1
-1.0,1.0,0.0,-0.8908441022821003,0.0,1
0.0,1.0,1.0,0.8985427550178721,0.0,1
0.0,0.0,1.0,-0.48391531481990624,0.0,1
0.5,-1.0,-0.5,0.47621666208413543,-1.0,2
0.0,1.0,-0.5,-0.42782513060214444,1.0,1
0.0,-1.0,0.5,0.8798460269452848,1.0,1
0.0,1.0,0.0,-0.841352763266428,0.0,0
1.0,0.5,-1.0,0.4773164696178171,0.0,2
-1.0,0.5,1.0,0.44872147374209537,0.0,1
0.5,-0.5,1.0,0.8963431399505087,-1.0,1
-0.5,-0.5,-1.0,0.37173494638438265,0.0,1
1.0,0.5,0.0,0.9326367885620016,-1.0,1
0.5,-0.5,1.0,-0.08028594995875692,1.0,1
-0.5,-0.5,1.0,0.11877921363761344,1.0,1
-0.5,-0.5,0.5,-0.6752818256805057,1.0,1
0.5,0.0,0.0,0.7401704701677208,-2.0,1
-1.0,0.0,-1.0,-0.4135276326642836,0.0,1
0.0,0.0,0.0,0.20456420126477895,1.0,1
-0.5,1.0,0.5,0.44982128127577664,0.0,1
1.0,0.0,-0.5,-0.6114929887269723,-2.0,1
1.0,0.0,0.5,0.8314544954632938,0.0,1
0.0,0.5,0.5,0.26285400054990404,0.0,1
-1.0,-1.0,-1.0,0.34094033544129804,1.0,1
-1.0,0.5,-1.0,0.8941435248831454,2.0,1
1.0,-1.0,0.5,0.9502337091009072,0.0,1
-1.0,-1.0,0.0,-0.5301072312345337,0.0,1
0.0,0.5,0.0,-0.5916964531207034,-2.0,1
0.0,0.5,0.5,0.9876271652460821,0.0,2
-1.0,1.0,-1.0,0.032994226010448297,0.0,1
1.0,1.0,0.5,-0.6103931811932909,0.0,1
-0.5,1.0,1.0,-0.5938960681880668,-1.0,1
1.0,0.5,-0.5,-0.7137750893593618,0.0,1
-0.5,-0.5,1.0,0.3387407203739347,0.0,1
0.5,1.0,0.0,-0.8798460269452842,-2.0,1
0.5,0.5,0.5,-0.5422051141050314,0.0,1
0.0,-0.5,-0.5,-0.8996425625515532,-1.0,1
0.5,0.0,-1.0,-0.8831454495463291,0.0,1
-0.5,-0.5,1.0,-0.27275226835303795,-2.0,1
0.0,-1.0,-1.0,0.08908441022821009,2.0,1
1.0,-0.5,0.0,0.3035468792961231,-1.0,1
0.5,-0.5,-1.0,0.9447346714324993,1.0,1
-0.5,1.0,-0.5,-0.9656310145724496,1.0,1
0.0,-0.5,0.5,-0.6917789386857298,0.0,1
0.0,-0.5,0.5,-0.9216387132251853,2.0,1
0.0,0.0,0.0,0.11437998350288722,-1.0,1
1.0,1.0,1.0,-0.5466043442397579,1.0,1
-0.5,0.5,-0.5,-0.6818806708825952,-2.0,1
0.5,-0.5,-1.0,-0.674182018146824,0.0,1
-1.0,0.0,-0.5,-0.48721473742095117,-1.0,1
-1.0,-1.0,1.0,-0.3200439923013471,0.0,2
1.0,0.5,0.5,-0.287049766290899,0.0,1
-0.5,0.5,0.0,0.8963431399505087,0.0,1
-1.0,0.0,0.5,0.19026670332691792,-1.0,2
0.5,-0.5,0.0,-0.34094033544129765,-1.0,1
0.5,0.5,0.0,1.0030244707176244,1.0,2
0.0,1.0,0.5,-0.6147924113280174,0.0,0
-1.0,-1.0,0.0,-0.7467693153698101,0.0,1
-1.0,0.5,-0.5,-0.4894143524883143,0.0,0
-0.5,0.5,-0.5,0.6147924113280178,0.0,1
-0.5,0.0,1.0,-0.9040417926862797,0.0,1
-0.5,0.5,0.5,0.07808633489139398,2.0,1
0.5,1.0,1.0,-0.378333791586472,1.0,1
1.0,0.5,1.0,-0.704976629089909,0.0,1
0.0,1.0,-0.5,-0.6422875996700576,0.0,1
-1.0,-1.0,1.0,-0.5191091558977177,-1.0,1
1.0,-1.0,0.0,0.6499862524058291,0.0,1
0.5,1.0,-0.5,0.025295573274677137,1.0,0
-0.5,0.5,0.5,-0.021996150673631844,2.0,1
0.0,0.5,-0.5,-0.49051416002199594,-2.0,0
-1.0,1.0,0.5,-0.8677481440747866,0.0,2
-1.0,1.0,0.5,-0.1583722848501509,0.0,1
-1.0,0.5,-0.5,0.5092108880945834,-1.0,1
-1.0,0.0,0.5,-0.3453395655760241,-1.0,1
1.0,0.0,1.0,0.30244707176244184,1.0,1
0.5,-1.0,1.0,0.39263128952433324,-2.0,1
-0.5,0.0,0.5,-0.7654660434423973,2.0,1
0.5,0.5,0.0,0.9106406378883695,-1.0,1
0.0,1.0,0.0,0.06378883695353331,0.0,1
0.0,0.0,1.0,0.5850976079186144,-1.0,1
-0.5,1.0,-1.0,-0.40142974979378604,0.0,1
0.5,0.5,-1.0,-0.8853450646136922,0.0,1
1.0,0.0,-1.0,0.853450646136926,0.0,1
0.5,0.5,0.0,-0.05169095408303521,1.0,1
-1.0,0.5,-1.0,0.2991476491613969,0.0,1
1.0,0.0,0.0,-0.7918614242507558,1.0,1
-0.5,1.0,-0.5,-0.9513335166345886,2.0,1
0.0,1.0,1.0,0.5400054990376684,1.0,1
-0.5,0.0,0.5,0.3992301347264231,0.0,1
0.5,0.5,-0.5,0.11328017596920557,0.0,1
-0.5,1.0,1.0,-0.5521033819081658,0.0,2
-0.5,-0.5,1.0,0.22326092933736622,0.0,1
-1.0,0.0,-1.0,-0.3695353313170194,0.0,1
0.5,0.0,-1.0,0.27495188342040144,2.0,1
0.0,-0.5,-0.5,0.8226560351938413,0.0,1
-1.0,1.0,-1.0,-0.19246631839428066,-2.0,0
-1.0,-1.0,-0.5,0.9898267803134451,1.0,1
1.0,1.0,0.0,0.4784162771514987,0.0,1
0.5,0.5,0.5,0.1330767115754745,1.0,1
-1.0,0.0,0.0,0.4784162771514987,2.0,1
1.0,-1.0,0.0,0.7841627715149848,0.0,1
-1.0,0.0,0.5,0.775364311245532,0.0,1
0.5,0.5,-0.5,-0.49931262029144874,0.0,1
-1.0,-0.5,-1.0,-0.8666483365411051,0.0,1
-1.0,-1.0,0.5,0.5905966455870223,0.0,1
0.5,1.0,-0.5,0.30574649436348644,0.0,0
0.5,-0.5,-0.5,0.6092933736596096,-2.0,1
-0.5,1.0,0.5,0.22766015947209245,-1.0,1
0.0,1.0,0.0,0.38493263678856204,1.0,0
-0.5,0.0,-1.0,-0.17266978278801196,0.0,1
0.0,0.5,0.5,-0.6785812482815504,1.0,1
-0.5,0.5,-0.5,-0.3805334066538353,-1.0,2
0.5,0.5,1.0,0.11767940610393181,2.0,1
0.5,1.0,-0.5,0.031894418476766655,2.0,1
-1.0,-0.5,-1.0,-0.5817981853175691,0.0,1
0.5,-1.0,1.0,0.789661809183393,1.0,0
1.0,-1.0,1.0,0.19136651086059955,2.0,1
-1.0,1.0,0.5,-0.9502337091009071,-1.0,1
0.5,1.0,-1.0,-0.942535056365136,0.0,1
-1.0,0.5,0.5,-0.7093758592246354,0.0,0
-0.5,-1.0,-0.5,0.17486939785537559,0.0,3
-1.0,0.0,0.5,-0.006598845202089517,0.0,0
1.0,0.5,-0.5,-0.5004124278251302,-2.0,1
-0.5,-1.0,-0.5,0.38603244432224404,0.0,1
-0.5,-1.0,0.0,-0.9700302447071759,0.0,1
0.0,1.0,-1.0,0.22326092933736622,1.0,1
-0.5,-0.5,1.0,0.1957657409953258,1.0,1
0.5,-0.5,0.5,-0.009898267803134454,0.0,1
-0.5,-1.0,-1.0,0.04619191641462769,-2.0,1
0.0,0.5,-0.5,0.8501512235358814,0.0,1
-1.0,-1.0,0.0,-0.04949133901567227,-1.0,1
-1.0,0.0,-0.5,0.08358537255980221,-1.0,1
1.0,-0.5,1.0,0.5015122353588122,0.0,0
-0.5,1.0,-1.0,-0.674182018146824,-2.0,1
1.0,1.0,-1.0,-0.013197690404179034,0.0,1
-1.0,-0.5,0.0,0.8248556502612042,1.0,1
-0.5,-1.0,-1.0,0.18036843552378345,0.0,1
1.0,0.0,0.0,-0.18146824305746492,0.0,1
0.5,-0.5,1.0,0.34533956557602424,0.0,1
0.5,-0.5,0.0,-0.42342590046741807,2.0,1
-0.5,0.0,-1.0,0.8468518009348365,0.0,1
-1.0,0.0,1.0,0.9843277426450372,0.0,1
0.0,0.0,-1.0,-0.42122628540005475,1.0,0
1.0,0.0,-0.5,0.43662359087159763,1.0,1
0.0,0.5,-1.0,0.9722298597745395,0.0,1
-0.5,0.5,0.5,-0.7896618091833927,0.0,1
1.0,-0.5,-1.0,0.48831454495463317,0.0,1
0.5,-0.5,-0.5,0.8457519934011548,0.0,2
-0.5,-1.0,0.0,-0.05279076161671685,-2.0,1
1.0,-0.5,1.0,0.9975254330492166,0.0,1
-0.5,1.0,0.5,0.9502337091009072,-2.0,2
1.0,0.0,-1.0,-0.6224910640637886,0.0,1
-1.0,0.5,-1.0,-0.3057464943634863,0.0,0
0.5,0.0,0.0,0.7357712400329942,0.0,1
-1.0,-1.0,0.5,-0.574099532581798,-2.0,1
-1.0,0.0,0.5,0.23865823480890855,0.0,2
0.5,0.5,1.0,-0.21776189166895762,-2.0,1
0.0,0.5,0.0,0.12097882870497674,-2.0,1
0.5,0.5,-1.0,0.047291723948309335,0.0,1
1.0,0.5,-1.0,-0.841352763266428,1.0,1
0.5,1.0,0.0,-0.0406928787462191,2.0,1
0.0,1.0,-0.5,-0.2837503436898541,0.0,1
0.5,0.5,1.0,-0.9909265878471265,0.0,1
-1.0,0.0,0.5,-0.21556227660159452,0.0,1
-1.0,0.5,0.5,0.8996425625515536,-2.0,1
-1.0,-0.5,-0.5,0.5894968380533406,0.0,1
0.5,1.0,-0.5,0.7401704701677208,-2.0,1
-0.5,-1.0,-0.5,0.8556502612042892,-2.0,1
-0.5,0.0,-1.0,0.06268902941985166,-1.0,1
-0.5,1.0,-1.0,0.0,-1.0,1
0.0,-1.0,0.0,0.9051416002199616,1.0,1
0.0,0.5,-0.5,0.17376959032169395,1.0,1
1.0,0.5,1.0,0.07698652735771269,1.0,1
0.5,0.0,0.0,0.49271377508935943,0.0,1
-1.0,0.5,0.0,0.9733296673082211,0.0,1
1.0,0.0,0.0,0.29694803409403364,1.0,1
0.5,0.5,1.0,-0.944734671432499,0.0,1
1.0,-0.5,0.5,0.7049766290899092,0.0,0
0.5,1.0,0.0,-0.028594995875721715,0.0,1
0.5,-1.0,0.0,0.8457519934011548,1.0,3
1.0,-0.5,0.5,0.6950783612867747,-2.0,3
-1.0,1.0,0.0,-0.6345889469342864,-2.0,1
-1.0,-1.0,0.0,-0.09458344789661796,-2.0,1
-1.0,0.5,0.0,0.3794335991201542,0.0,1
-0.5,0.5,1.0,0.16057189991751455,0.0,1
0.5,-1.0,1.0,0.09458344789661831,0.0,1
0.5,0.5,0.0,0.16057189991751455,0.0,1
0.5,-0.5,0.0,-0.1891668957932361,0.0,0
0.5,0.5,0.5,0.6829804784162773,-2.0,1
0.0,0.0,-1.0,0.8622491064063788,0.0,1
0.0,1.0,0.0,-0.23535881220786325,-1.0,0
0.0,0.5,-0.5,0.036293648611493236,0.0,0
0.0,-0.5,1.0,-0.387132251855925,-2.0,1
0.5,1.0,-1.0,0.853450646136926,0.0,0
-1.0,-0.5,0.0,0.7885620016497114,0.0,2
-1.0,1.0,-0.5,-0.850151223535881,0.0,1
-0.5,1.0,-0.5,0.1308770965081112,-1.0,1
-1.0,-0.5,1.0,-0.40802859499587574,-1.0,1
0.5,-0.5,1.0,0.38383282925488044,0.0,1
1.0,-1.0,-0.5,-0.06818806708825953,-1.0,1
-1.0,-1.0,0.0,-0.03299422601044759,0.0,1
-1.0,-1.0,-0.5,-0.037393456145174524,1.0,0
-0.5,1.0,1.0,-0.7115754742919986,1.0,1
-0.5,0.5,-1.0,-0.704976629089909,-1.0,1
-0.5,-1.0,-0.5,-0.7390706626340388,2.0,1
-0.5,0.0,0.5,-0.7027770140225457,0.0,1
1.0,0.5,1.0,-0.3475391806433872,-1.0,1
-0.5,1.0,-0.5,-0.48831454495463267,0.0,1
0.5,1.0,1.0,0.5026120428924938,0.0,2
0.0,1.0,-1.0,-0.5751993401154796,0.0,1
-1.0,1.0,0.0,0.5422051141050317,0.0,1
0.5,0.5,-0.5,0.021996150673632198,1.0,1
-0.5,0.5,-1.0,0.38053340665383584,0.0,1
0.0,0.5,-0.5,-0.9106406378883692,0.0,1
-1.0,0.5,1.0,-0.25295573274676886,-2.0,1
1.0,0.5,1.0,0.10668133076711606,0.0,2
0.5,1.0,-1.0,0.3079461094308497,0.0,1
-0.5,1.0,-0.5,-0.8589496838053339,0.0,1
1.0,1.0,-0.5,-0.8050591146549352,0.0,1
-1.0,-1.0,-1.0,-0.7368710475666757,2.0,2
-1.0,-0.5,0.0,0.7962606543854825,0.0,1
0.0,0.5,-1.0,0.946934286499863,0.0,2
-1.0,-1.0,1.0,-0.22106131427000256,0.0,3
-1.0,0.0,-0.5,-0.05718999175144343,0.0,1
-1.0,0.5,-0.5,0.10338190816607112,-1.0,1
1.0,0.0,1.0,0.8435523783337919,0.0,1
-0.5,-1.0,0.0,-0.2958482265603518,0.0,0
0.0,-0.5,0.5,-0.18476766565850952,-1.0,1
0.5,0.0,0.0,-0.8908441022821003,0.0,1
-1.0,-0.5,0.0,-0.7104756667583171,0.0,3
-0.5,0.0,-1.0,-0.7544679681055813,1.0,1
0.0,0.0,-1.0,-0.06708825955457788,0.0,1
0.5,0.5,0.5,-0.4465218586747319,2.0,1
1.0,0.5,0.0,0.9513335166345889,2.0,1
1.0,-1.0,-0.5,0.724773164696178,2.0,2
0.5,1.0,-0.5,0.6312895243332418,0.0,0
0.5,-0.5,-1.0,0.20346439373109731,0.0,1
-1.0,-0.5,0.0,0.8985427550178721,0.0,2
-0.5,0.5,-0.5,0.265053615617267,1.0,1
0.0,1.0,-0.5,0.4245257080010999,1.0,1
0.5,0.0,-0.5,-0.9623315919714046,0.0,1
-1.0,-0.5,-1.0,-0.8215562276601591,0.0,1
-1.0,0.5,0.0,-0.6367885620016495,0.0,1
-0.5,-0.5,1.0,0.11437998350288722,0.0,1
-0.5,-1.0,1.0,-0.8556502612042889,2.0,1
0.0,0.5,0.5,-0.5290074237008521,1.0,1
-0.5,1.0,0.5,0.047291723948309335,2.0,1
-0.5,1.0,-0.5,-0.06708825955457788,0.0,1
-1.0,1.0,0.0,-0.861149298872697,0.0,1
0.0,-1.0,0.5,-0.6004949133901564,-1.0,1
0.5,1.0,-0.5,0.7742645037118503,0.0,1
0.5,-0.5,-0.5,-0.7401704701677204,0.0,3
0.5,0.0,-1.0,-0.04729172394830898,0.0,1
-1.0,0.5,0.0,-0.9381358262304095,-1.0,1
0.5,1.0,0.5,-0.8655485290074235,0.0,1
-1.0,-1.0,-0.5,-0.8050591146549352,-1.0,1
1.0,1.0,0.0,0.03849326367885617,0.0,1
-1.0,-1.0,-1.0,0.8974429474841904,-2.0,1
0.0,0.5,1.0,0.1286774814407479,1.0,1
0.5,-1.0,1.0,0.46961781688204557,-1.0,2
-0.5,-0.5,0.0,0.5839978003849328,-1.0,1
0.5,-0.5,-1.0,0.653285675006874,-1.0,1
0.0,-1.0,-1.0,0.5466043442397582,0.0,1
-1.0,0.5,-0.5,-0.8820456420126476,-1.0,0
0.5,0.5,-0.5,-0.12427825130602149,0.0,1
0.0,0.5,0.5,-0.47291723948309033,2.0,1
0.0,-0.5,0.5,-0.36183667858124824,0.0,1
-1.0,0.5,-0.5,-0.8765466043442395,1.0,1
-0.5,-1.0,0.0,-0.7951608468518008,0.0,0
-1.0,-0.5,0.0,-0.7951608468518008,0.0,1
-0.5,-1.0,0.5,0.8886444872147375,0.0,0
1.0,0.0,-1.0,0.4509210888094583,-1.0,1
-1.0,1.0,-0.5,0.032994226010448297,0.0,2
0.5,0.0,-0.5,0.9656310145724499,1.0,1
-0.5,1.0,-1.0,0.3640362936486115,0.0,1
-1.0,1.0,1.0,-0.44212262854000534,0.0,1
-1.0,0.5,1.0,0.4729172394830905,-2.0,1
1.0,0.5,0.0,0.8336541105306571,1.0,1
1.0,-1.0,-0.5,0.544404729172395,-1.0,1
1.0,-0.5,0.0,-0.7291723948309043,0.0,2
0.5,-1.0,1.0,0.5806983777838882,0.0,1
0.0,-1.0,0.0,-0.8743469892768764,0.0,1
0.5,0.5,-1.0,-0.7599670057739893,0.0,1
-0.5,0.0,0.0,-0.6708825955457792,-1.0,1
-0.5,0.5,1.0,-0.3068463018971677,0.0,1
1.0,0.0,-0.5,-0.961231784437723,1.0,1
-0.5,1.0,0.0,0.6070937585922462,0.0,2
-1.0,-0.5,0.5,-0.6169920263953805,0.0,1
-0.5,-1.0,0.0,0.9524333241682705,0.0,2
0.5,1.0,-0.5,0.21006323893318682,1.0,1
1.0,0.5,0.0,-0.0648886444872146,0.0,1
0.5,0.0,0.5,-0.2804509210888091,0.0,1
1.0,-1.0,-0.5,-0.7159747044267251,1.0,1
1.0,1.0,-0.5,-0.24525708001099789,0.0,1
0.0,-1.0,1.0,0.6312895243332418,2.0,1
0.5,0.5,1.0,0.7577673907066264,-2.0,0
1.0,0.5,1.0,-0.5894968380533406,0.0,1
1.0,0.0,-0.5,-0.05389056915039814,0.0,1
-0.5,0.5,0.0,-0.050591146549353205,0.0,0
0.5,0.5,1.0,-0.32554302996975515,0.0,1
-1.0,0.0,-1.0,-0.9260379433599117,0.0,1
-1.0,0.5,1.0,0.3464393731097059,0.0,1
1.0,1.0,-0.5,0.7302722023645863,-1.0,1
0.0,-1.0,0.0,0.7137750893593627,-2.0,1
0.0,-0.5,-1.0,0.9645312070387683,0.0,1
-1.0,1.0,1.0,0.48391531481990663,-2.0,1
0.5,0.5,0.0,0.8182568050591148,-2.0,1
0.5,-1.0,-1.0,0.8006598845202091,-2.0,1
-0.5,-1.0,0.5,-0.4894143524883143,0.0,1
0.0,1.0,-0.5,0.15617266978278796,0.0,1
-1.0,1.0,0.0,-0.9854275501787184,-2.0,1
1.0,0.0,0.5,-0.4828155072862246,-1.0,1
-1.0,0.0,-1.0,-0.7291723948309043,1.0,1
1.0,-0.5,-0.5,0.508111080560902,0.0,0
1.0,0.5,0.5,0.6807808633489141,1.0,1
1.0,0.5,-1.0,0.5872972229859774,1.0,0
0.0,1.0,-1.0,0.6235908715974706,0.0,1
0.0,1.0,-0.5,-0.7401704701677204,-2.0,2
-1.0,1.0,-0.5,-0.7962606543854823,0.0,1
1.0,-1.0,0.0,-0.004399230134726226,0.0,1
0.0,0.0,1.0,0.12977728897442956,0.0,1
0.5,1.0,0.5,-0.02969480340940336,0.0,1
0.0,0.0,1.0,-0.16607093758592226,0.0,1
0.5,0.5,0.0,0.6730822106131429,0.0,0
-0.5,0.0,1.0,-0.20456420126477842,0.0,1
1.0,0.5,0.0,0.7511685455045368,2.0,1
-0.5,-1.0,0.5,-0.5312070387682154,0.0,1
1.0,-1.0,-0.5,0.09128402529557338,-2.0,1
-0.5,-1.0,0.5,0.7841627715149848,-1.0,1
0.0,-0.5,0.0,-0.1935661259279625,0.0,1
-1.0,1.0,-1.0,0.8688479516084686,-2.0,2
0.5,-1.0,-1.0,-0.8050591146549352,0.0,1
-0.5,0.0,1.0,0.42672532306846317,0.0,1
1.0,1.0,0.0,-0.8677481440747866,1.0,1
-1.0,0.5,-0.5,-0.9194390981578219,1.0,1
0.0,-0.5,1.0,-0.7203739345614513,0.0,1
0.5,0.0,0.5,-0.6092933736596093,0.0,1
0.0,1.0,-1.0,-0.7863623865823479,0.0,1
-1.0,0.0,1.0,-0.07258729722298576,2.0,1
0.0,-0.5,0.5,0.6884795160846852,0.0,0
0.5,0.5,1.0,0.8105581523233436,0.0,1
0.0,1.0,0.5,0.8292548803959309,1.0,2
-1.0,1.0,-0.5,0.11657959857025052,2.0,1
-0.5,1.0,-0.5,-0.43552378333791564,2.0,1
-0.5,1.0,-0.5,0.5312070387682156,-1.0,1
0.0,0.0,-0.5,-0.3673357162496561,1.0,1
0.0,-0.5,1.0,-0.07038768215562247,-1.0,1
-1.0,-1.0,0.0,-0.839153148199065,0.0,1
0.0,0.0,-1.0,-0.005499037668407872,0.0,1
-1.0,-0.5,-0.5,0.6312895243332418,0.0,1
0.5,0.0,-0.5,0.5499037668408029,0.0,2
-0.5,-1.0,1.0,0.38053340665383584,2.0,0
-1.0,-1.0,-0.5,-0.7159747044267251,2.0,1
-0.5,-1.0,0.0,0.6917789386857301,-1.0,0
0.0,-1.0,1.0,0.3167445697003025,0.0,1
0.5,0.0,1.0,-0.9238383282925484,0.0,1
0.0,0.0,0.5,0.557602419576574,0.0,1
0.5,0.0,-1.0,0.0032994226010449367,1.0,1
-1.0,-0.5,0.5,-0.030794610943084652,0.0,1
0.5,0.5,0.0,0.7324718174319496,0.0,1
-0.5,0.0,0.5,-0.16387132251855932,-2.0,1
-0.5,0.0,0.0,0.5806983777838882,1.0,1
-1.0,0.0,0.5,1.0030244707176244,0.0,1
0.0,-1.0,0.0,0.7269727797635414,-2.0,1
1.0,0.0,-1.0,0.6587847126752818,0.0,1
0.0,0.5,0.5,-0.20786362386582335,0.0,1
-1.0,-0.5,-1.0,0.1418751718449273,-1.0,1
-0.5,0.0,0.5,-0.6180918339290622,0.0,1
0.5,0.0,0.5,-0.02529557327467678,1.0,1
-0.5,-0.5,-1.0,0.186967280725873,0.0,0
0.0,0.0,-0.5,-0.13527632664283742,2.0,2
0.5,1.0,0.5,-0.9238383282925484,2.0,1
0.0,1.0,1.0,-0.43332416827055253,1.0,1
1.0,0.0,-1.0,0.16827055265328572,2.0,1
-0.5,0.0,-1.0,0.9359362111630466,0.0,1
-1.0,0.5,-0.5,0.3651361011822935,0.0,1
1.0,0.0,0.5,-0.11657959857025016,0.0,1
-1.0,-0.5,-1.0,0.8699477591421503,1.0,1
1.0,0.5,-1.0,0.45202089634313997,1.0,1
-1.0,-1.0,0.5,0.07478691229034941,0.0,1
-1.0,-1.0,0.5,0.7544679681055815,-2.0,1
0.0,0.0,0.5,-0.269452845751993,0.0,3
-1.0,0.0,-0.5,0.7764641187792136,1.0,1
-1.0,-1.0,0.5,-0.44212262854000534,2.0,1
-0.5,1.0,-0.5,0.1286774814407479,1.0,1
1.0,-1.0,1.0,0.24415727247731642,0.0,1
1.0,-1.0,0.0,0.8820456420126477,-1.0,1
1.0,-1.0,1.0,0.5400054990376684,1.0,1
-0.5,0.5,-1.0,0.633489139400605,0.0,0
0.0,-1.0,1.0,-0.5850976079186141,-2.0,1
0.5,1.0,-0.5,-0.9007423700852348,0.0,1
0.5,0.5,-1.0,0.14627440197965352,1.0,1
-1.0,0.5,0.5,0.16057189991751455,-1.0,1
0.5,1.0,1.0,0.09348364036293667,-1.0,3
0.5,1.0,-1.0,0.2815507286224913,-1.0,0
-0.5,0.5,-1.0,0.6576849051416002,1.0,1
0.0,-0.5,-0.5,-0.3717349463843823,0.0,1
-0.5,0.0,-0.5,-0.6037943359912014,-1.0,1
-1.0,1.0,0.5,-0.5356062689029416,2.0,1
0.5,-0.5,0.0,-0.3211437998350288,0.0,1
0.5,-1.0,0.0,-0.4806158922188615,2.0,1
-1.0,1.0,0.0,-0.7533681605718996,-1.0,1
0.0,-1.0,-0.5,0.5070112730272208,1.0,1
0.0,0.5,0.0,0.8248556502612042,0.0,1
0.0,-1.0,-0.5,0.7500687379708552,-1.0,1
1.0,-0.5,1.0,0.6741820181468245,0.0,1
0.5,1.0,1.0,-0.5367060764366235,0.0,1
0.0,0.5,-1.0,0.9106406378883695,0.0,1
1.0,-0.5,0.5,0.7808633489139403,0.0,3
1.0,1.0,0.0,-0.21226285400054976,1.0,1
1.0,-0.5,-1.0,-0.14187517184492676,1.0,1
0.0,-0.5,-0.5,-0.5290074237008521,0.0,1
0.0,1.0,0.5,0.31454495463293924,0.0,1
-0.5,0.0,1.0,0.6917789386857301,0.0,1
-1.0,1.0,-1.0,-0.8215562276601591,0.0,1
0.5,1.0,-0.5,-0.07148748968930375,-1.0,1
-1.0,-0.5,0.5,0.6488864448721474,1.0,0
0.0,0.0,-0.5,-0.6983777838878195,0.0,1
1.0,0.0,0.5,-0.20676381633214172,1.0,1
1.0,-1.0,-0.5,0.14847401704701682,2.0,1
-0.5,-0.5,0.5,-0.13747594171020036,0.0,1
0.0,-1.0,-1.0,-0.41792686279901,0.0,1
0.5,1.0,-0.5,-0.8380533406653833,1.0,1
0.5,0.0,0.5,0.8611492988726975,0.0,1
1.0,1.0,1.0,-0.3332416827055261,0.0,1
0.0,0.5,1.0,-0.5158097332966729,-2.0,1
0.5,0.5,0.5,-0.5938960681880668,-1.0,1
0.0,0.0,1.0,-0.01649711300522397,2.0,0
-1.0,-1.0,-0.5,0.17047016772064902,0.0,0
0.5,-0.5,1.0,0.717074511960407,1.0,0
-0.5,-1.0,-1.0,-0.4377233984052789,-2.0,0
0.5,-0.5,1.0,-0.08248556502612021,0.0,1
-1.0,0.0,0.5,0.40032994226010477,1.0,1
-0.5,0.0,0.0,-0.09348364036293631,-1.0,1
-1.0,-0.5,0.0,-0.6983777838878195,0.0,1
-0.5,0.0,-0.5,-0.7368710475666757,0.0,1
-1.0,-1.0,1.0,-0.6400879846026942,0.0,1
0.5,1.0,0.5,-0.7280725872972227,0.0,1
-1.0,-1.0,0.5,-0.30354687929612295,0.0,3
-0.5,-1.0,-0.5,-0.3310420676381632,-2.0,1
-0.5,0.0,1.0,0.12427825130602167,-2.0,1
-1.0,0.5,0.0,-0.0736871047566674,1.0,1
1.0,-0.5,0.0,-0.9205389056915037,0.0,1
-1.0,-0.5,-0.5,-0.3530382183117952,1.0,1
-0.5,0.5,0.5,-0.4696178168820454,0.0,1
1.0,0.5,1.0,-0.9007423700852348,0.0,1
-0.5,1.0,0.0,0.8424525708001099,0.0,0
0.0,-0.5,1.0,-0.1583722848501509,1.0,1
1.0,-0.5,-1.0,-0.26395380808358515,0.0,1
0.5,0.5,-0.5,-0.6983777838878195,0.0,1
-1.0,-0.5,-0.5,0.9128402529557327,0.0,0
-1.0,-0.5,1.0,0.373934561451746,0.0,2
-0.5,-1.0,1.0,-0.4102282100632387,0.0,1
-1.0,0.5,0.5,-0.9513335166345886,0.0,1
-0.5,-0.5,0.5,-0.7423700852350837,0.0,1
1.0,1.0,-0.5,-0.7137750893593618,0.0,1
-0.5,-0.5,0.5,-0.4168270552653284,0.0,1
-1.0,0.5,1.0,0.9249381358262304,1.0,1
1.0,-1.0,1.0,0.47071762441572723,0.0,1
-0.5,1.0,0.0,0.16827055265328572,0.0,1
-1.0,0.5,-0.5,-0.6972779763541378,-1.0,1
-1.0,-1.0,0.0,-0.007698652735771163,0.0,0
0.5,1.0,0.0,0.04619191641462769,0.0,1
1.0,-1.0,1.0,0.16057189991751455,0.0,1
-0.5,0.0,0.5,-0.3332416827055261,-1.0,1
-0.5,-1.0,-1.0,0.32884245257080025,-2.0,1
1.0,0.0,0.0,-0.5916964531207034,-2.0,1
-0.5,0.5,0.5,0.3420401429749793,2.0,0
1.0,0.0,0.5,0.5367060764366238,0.0,1
1.0,-0.5,0.0,-0.3805334066538353,1.0,1
1.0,-1.0,-0.5,0.12647786637338496,-1.0,1
0.0,-1.0,0.5,0.08688479516084716,0.0,0
0.5,1.0,-0.5,0.605993951058565,0.0,1
0.0,-0.5,1.0,0.023095958207313846,-1.0,1
0.5,0.5,-0.5,0.38493263678856204,2.0,1
1.0,-0.5,1.0,0.6268902941985152,-1.0,1
0.0,0.5,1.0,-0.559802034643937,0.0,1
-0.5,0.5,1.0,0.11547979103656887,0.0,1
-1.0,0.5,-0.5,0.11218036843552393,0.0,1
-1.0,0.5,1.0,-0.6477866373384655,0.0,1
-1.0,0.0,-0.5,-0.839153148199065,-1.0,1
-0.5,-0.5,0.0,0.07478691229034941,1.0,1
0.0,-0.5,1.0,-0.23095958207313685,0.0,1
0.0,-0.5,-0.5,0.48831454495463317,0.0,1
0.0,1.0,0.5,0.9656310145724499,-1.0,1
0.0,0.5,-0.5,0.5290074237008523,0.0,0
0.0,1.0,0.5,0.04949133901567227,1.0,1
0.0,0.0,1.0,0.7830629639813032,-2.0,0
1.0,0.5,-0.5,0.7709650811108057,1.0,1
0.5,-1.0,0.5,-0.7973604619191637,0.0,1
-0.5,1.0,0.5,0.11767940610393181,0.0,1
-0.5,1.0,-0.5,-0.8336541105306569,0.0,1
-0.5,0.0,0.0,0.7148748968930436,0.0,1
1.0,-0.5,0.0,0.2738520758867198,0.0,1
1.0,0.0,1.0,0.4564201264778665,0.0,1
-1.0,-1.0,-1.0,0.14407478691229095,0.0,1
1.0,0.5,0.5,-0.8347539180643385,0.0,1
1.0,0.0,-0.5,-0.0868847951608468,0.0,1
-0.5,-0.5,-1.0,0.3442397580423426,-1.0,1
-1.0,-1.0,-0.5,1.007423700852351,0.0,1
0.5,0.5,1.0,0.43772339840527924,0.0,1
0.0,0.0,0.5,-0.49491339015672237,-1.0,1
-1.0,-0.5,1.0,0.9051416002199616,0.0,1
-1.0,1.0,0.0,-0.6257904866648334,-1.0,1
0.5,1.0,-0.5,0.02419576574099549,0.0,0
1.0,-1.0,-0.5,-0.34973879571075045,2.0,1
-1.0,-0.5,1.0,-0.0021996150673629345,0.0,1
-1.0,-0.5,-0.5,0.2144624690679134,-1.0,1
-1.0,0.0,1.0,0.8028594995875721,-1.0,1
-1.0,0.0,-1.0,-0.09458344789661796,-1.0,1
-0.5,0.5,1.0,-0.34973879571075045,0.0,3
0.5,1.0,0.0,0.5861974154522961,0.0,3
1.0,0.0,-0.5,0.2991476491613969,2.0,1
-1.0,-0.5,0.0,-0.25295573274676886,-1.0,1
-0.5,-0.5,1.0,-0.9678306296398128,1.0,1
1.0,0.0,0.5,-0.5806983777838877,0.0,1
1.0,1.0,0.0,0.15947209238383292,2.0,1
0.5,-1.0,1.0,-0.6939785537530929,1.0,3
-0.5,0.0,-0.5,-0.8699477591421497,0.0,1
1.0,-0.5,-1.0,-0.1627715149848775,0.0,1
0.0,1.0,0.5,0.3376409128402531,1.0,1
0.0,1.0,1.0,0.8743469892768765,1.0,1
1.0,1.0,1.0,0.0978828704976629,-1.0,1
-0.5,0.0,0.5,0.8347539180643387,0.0,0
-0.5,1.0,-0.5,0.653285675006874,0.0,1
-0.5,0.5,-1.0,-0.3068463018971677,-1.0,1
-1.0,0.5,0.5,-0.3233434149023919,0.0,1
0.0,1.0,-0.5,0.8072587297222986,-2.0,1
0.0,1.0,0.0,-0.8380533406653833,1.0,1
0.5,1.0,0.0,0.9205389056915039,0.0,1
0.5,0.0,-0.5,-0.08358537255980186,0.0,1
0.5,0.5,0.5,-0.7984602694528454,0.0,1
-0.5,-0.5,0.0,0.7819631564476218,1.0,2
-0.5,1.0,1.0,-0.1275776739070661,1.0,1
-1.0,1.0,0.0,-0.6763816332141873,0.0,1
1.0,1.0,0.5,-0.6675831729447345,1.0,1
-0.5,-1.0,-1.0,-0.7830629639813029,2.0,0
-0.5,0.5,-1.0,-0.9502337091009071,-2.0,1
1.0,-0.5,-1.0,0.6598845202089635,1.0,0
-0.5,0.5,0.5,0.8897442947484192,0.0,1
0.5,-1.0,0.0,-0.9117404454220509,-1.0,1
-0.5,-1.0,0.5,-0.6939785537530929,-1.0,1
1.0,0.5,-0.5,-0.5686004949133899,1.0,1
0.5,-1.0,0.5,0.8919439098157822,-2.0,1
1.0,0.5,0.0,0.03519384107781159,-2.0,1
-0.5,1.0,-1.0,0.8930437173494638,2.0,1
1.0,-0.5,0.0,0.4168270552653287,1.0,1
0.0,1.0,1.0,-0.37943359912015384,1.0,2
-1.0,1.0,0.0,0.38713225185592537,-2.0,1
0.5,-0.5,0.5,-0.46851800934836374,0.0,1
0.5,0.0,-1.0,-0.9282375584272751,0.0,1
1.0,-0.5,1.0,0.24195765740995348,1.0,1
-0.5,-1.0,0.0,-0.8875446796810555,0.0,1
0.5,-1.0,-1.0,0.40472917239483097,0.0,1
0.0,0.5,1.0,-0.43882320593896057,0.0,1
0.5,1.0,1.0,0.5147099257629916,-1.0,2
-1.0,-0.5,0.5,0.3134451470992576,-1.0,1
1.0,0.5,-0.5,-0.6972779763541378,0.0,1
-0.5,0.0,-0.5,-0.9161396755567771,-2.0,1
0.5,0.0,1.0,-0.12867748144074773,0.0,1
0.5,-0.5,1.0,-0.674182018146824,2.0,0
-0.5,-0.5,1.0,0.18476766565851005,0.0,1
-0.5,0.5,-1.0,0.6070937585922462,-1.0,0
0.0,-0.5,-0.5,-0.2584547704151771,0.0,1
0.0,-1.0,1.0,-0.761066813307671,0.0,1
0.5,1.0,0.0,0.6037943359912017,1.0,0
-0.5,-0.5,0.0,-0.3288424525707999,0.0,1
-0.5,1.0,-1.0,0.030794610943085006,-1.0,1
0.5,0.0,0.5,0.32004399230134745,0.0,1
0.0,1.0,-0.5,0.6818806708825956,0.0,1
-1.0,0.0,-0.5,0.5543029969755294,2.0,1
-1.0,-0.5,0.0,-0.7401704701677204,0.0,1
0.0,0.0,-1.0,-0.2683530382183115,0.0,2
-0.5,0.0,-0.5,0.9755292823755843,0.0,0
-1.0,0.0,0.0,0.11437998350288722,0.0,1
-0.5,-1.0,0.5,0.7676656585097609,0.0,1
0.5,1.0,0.5,-0.5367060764366235,0.0,1
-0.5,1.0,0.0,0.014297497937861036,0.0,1
-1.0,-1.0,-0.5,-0.19136651086059922,0.0,2
1.0,-0.5,1.0,-0.6477866373384655,0.0,1
-0.5,-1.0,1.0,-0.7940610393181191,-2.0,1
0.5,-1.0,-1.0,0.5202089634313994,-2.0,3
0.0,0.5,-0.5,0.295848226560352,0.0,1
1.0,1.0,0.5,0.530107231234534,0.0,1
-0.5,-1.0,0.0,0.279351113555128,-1.0,1
0.0,-0.5,0.5,0.1836678581248284,0.0,1
0.5,0.0,0.0,0.20016497113005238,2.0,1
-0.5,-1.0,1.0,0.35853725598020364,0.0,1
0.0,-0.5,-0.5,-0.5191091558977177,0.0,1
-0.5,0.0,-1.0,0.16827055265328572,0.0,1
-0.5,0.0,0.5,0.8864448721473743,0.0,1
0.0,1.0,-0.5,0.015397305471542682,0.0,1
-1.0,-1.0,0.0,0.591696453120704,0.0,3
-1.0,-1.0,1.0,-0.18806708825955445,1.0,0
-0.5,-1.0,0.0,-0.17047016772064866,0.0,1
0.5,0.0,1.0,-0.7500687379708548,2.0,1
-1.0,1.0,-0.5,-0.1451745944459717,-2.0,1
0.5,1.0,1.0,-0.9733296673082209,0.0,0
1.0,1.0,0.5,0.7533681605718998,-2.0,0
-0.5,0.0,0.5,0.5070112730272208,2.0,1
-1.0,-0.5,-0.5,-0.6059939510585645,1.0,0
0.5,0.5,0.0,-0.3981303271927411,0.0,1
1.0,-0.5,0.5,0.8919439098157822,0.0,1
-1.0,0.0,0.0,-0.10668133076711571,0.0,1
0.5,-1.0,1.0,0.49271377508935943,1.0,1
0.5,-1.0,0.5,-0.9040417926862797,0.0,1
1.0,1.0,-1.0,0.31454495463293924,-2.0,1
0.0,0.5,0.5,0.7093758592246358,0.0,1
-1.0,1.0,-1.0,-0.2342590046741818,0.0,1
1.0,0.0,1.0,0.40912840252955757,1.0,1
-0.5,0.5,1.0,0.5894968380533406,0.0,1
1.0,0.0,0.0,0.9667308221061316,2.0,1
-1.0,0.5,0.5,0.04949133901567227,-1.0,1
-1.0,0.5,1.0,0.1418751718449273,2.0,0
0.5,1.0,1.0,0.48391531481990663,0.0,1
-0.5,0.0,0.0,0.7258729722298597,0.0,1
0.5,-0.5,-1.0,-0.45751993401154784,0.0,1
-0.5,0.5,1.0,-0.3706351388507009,0.0,1
0.5,-1.0,1.0,0.06048941435248837,0.0,1
-0.5,-0.5,0.5,0.724773164696178,0.0,1
-0.5,-0.5,0.5,-0.6796810558152321,-1.0,1
1.0,-1.0,-1.0,-0.5686004949133899,1.0,1
-0.5,-1.0,0.5,-0.06818806708825953,0.0,1
0.5,0.5,-1.0,0.3772339840527909,0.0,0
-0.5,1.0,1.0,0.18916689579323628,0.0,1
0.5,1.0,-0.5,-0.7335716249656307,0.0,1
1.0,-0.5,0.0,-0.6004949133901564,2.0,1
1.0,-1.0,-0.5,-0.41242782513060194,0.0,2
0.0,-1.0,0.0,0.07808633489139398,0.0,0
-1.0,-0.5,0.5,0.2661534231509486,0.0,0
-0.5,1.0,-1.0,0.43552378333791597,-1.0,0
0.0,-0.5,0.5,-0.11547979103656851,0.0,0
-0.5,1.0,0.0,0.8446521858674731,1.0,1
1.0,-1.0,0.5,0.9062414077536431,2.0,1
0.0,0.5,0.5,-0.8589496838053339,0.0,1
-1.0,0.0,-1.0,0.47951608468518003,-1.0,1
1.0,0.0,-0.5,0.5323068463018972,0.0,1
1.0,-0.5,-0.5,-0.23535881220786325,0.0,2
-0.5,-0.5,0.5,0.18806708825955462,0.0,1
-0.5,1.0,0.5,1.0019246631839427,-1.0,1
-0.5,-0.5,0.0,-0.1407753643112453,0.0,1
0.0,0.0,1.0,0.1506736321143801,0.0,1
-1.0,1.0,1.0,-0.49051416002199594,0.0,1
1.0,0.0,0.0,0.8490514160021998,0.0,1
1.0,0.5,0.5,0.4135276326642838,-1.0,0
0.0,-1.0,-0.5,0.9337365960956833,0.0,1
-0.5,0.0,0.5,-0.031894418476766294,-1.0,1
-0.5,-1.0,0.5,0.5675006873797085,0.0,0
-1.0,0.5,-1.0,0.6180918339290624,-1.0,2
1.0,1.0,-0.5,-0.38163321418751694,2.0,1
0.5,1.0,-0.5,-0.4674182018146823,2.0,2
0.0,-1.0,-0.5,0.46301897167995604,0.0,3
-1.0,0.5,0.0,-0.021996150673631844,2.0,1
-1.0,0.0,0.0,-0.3772339840527905,0.0,1
-1.0,0.5,0.0,0.37833379158647257,1.0,1
1.0,1.0,1.0,0.2067638163321419,0.0,1
-0.5,-0.5,-0.5,0.34094033544129804,0.0,0
0.0,0.5,1.0,-0.7203739345614513,0.0,1
-0.5,1.0,-1.0,0.3728347539180643,0.0,1
1.0,-1.0,0.0,0.9689304371734945,0.0,0
-0.5,0.5,-0.5,0.037393456145174885,0.0,1
1.0,-1.0,-1.0,0.2738520758867198,0.0,1
-0.5,0.5,0.0,0.9733296673082211,-1.0,1
-0.5,-1.0,1.0,0.7643662359087159,-2.0,1
-1.0,1.0,-1.0,-0.42012647786637314,2.0,1
-1.0,0.0,-1.0,-0.8545504536706074,-1.0,2
0.5,-1.0,-0.5,-0.8424525708001097,0.0,1
-0.5,-1.0,1.0,0.23095958207313738,0.0,1
1.0,1.0,-1.0,0.21336266153423175,0.0,2
-0.5,1.0,-0.5,0.18476766565851005,-1.0,1
0.5,0.0,0.0,-0.03299422601044759,0.0,1
0.0,0.5,-0.5,-0.5576024195765739,-2.0,1
1.0,-0.5,0.5,0.12647786637338496,0.0,1
-1.0,1.0,0.0,-0.050591146549353205,0.0,1
0.5,1.0,1.0,0.46741820181468263,-1.0,1
0.0,-0.5,0.0,-0.8875446796810555,-1.0,1
0.5,0.5,-0.5,-0.6378883695353311,1.0,2
-1.0,0.0,1.0,-0.674182018146824,0.0,1
-1.0,-1.0,0.5,0.07478691229034941,2.0,1
-1.0,-1.0,0.0,0.44322243607368716,0.0,1
1.0,0.5,1.0,-0.3706351388507009,0.0,1
1.0,-0.5,0.0,0.625790486664834,0.0,1
0.0,-0.5,1.0,-0.2837503436898541,0.0,3
-1.0,0.0,-1.0,0.6422875996700579,0.0,1
-1.0,0.0,-0.5,-0.8545504536706074,-1.0,1
-1.0,0.0,0.0,0.4619191641462744,-1.0,0
-1.0,0.0,0.5,-0.3706351388507009,2.0,1
0.5,0.0,-0.5,-0.761066813307671,0.0,2
-1.0,-0.5,-0.5,-0.012097882870497388,-1.0,1
0.0,0.0,1.0,0.9370360186967281,-2.0,1
-0.5,0.0,0.0,0.9095408303546881,0.0,1
0.0,-1.0,-0.5,-0.8490514160021994,0.0,1
-1.0,0.0,-0.5,-0.5356062689029416,0.0,1
1.0,0.0,0.0,0.11437998350288722,1.0,1
0.0,-0.5,-0.5,-0.6477866373384655,-1.0,1
0.5,0.5,-1.0,-0.9084410228210061,0.0,0
1.0,0.0,0.5,-0.674182018146824,1.0,1
-0.5,-0.5,0.5,0.7126752818256807,0.0,1
-1.0,-1.0,-0.5,0.28375034368985425,-2.0,1
1.0,0.5,1.0,0.5642012647786638,2.0,1
0.0,-0.5,1.0,0.9656310145724499,0.0,2
-1.0,0.5,-1.0,0.9502337091009072,-1.0,1
-1.0,-0.5,-0.5,0.8259554577948859,0.0,0
1.0,0.5,-1.0,0.8611492988726975,-1.0,1
1.0,0.5,-1.0,-0.47181743194940867,-1.0,1
0.5,-1.0,1.0,0.279351113555128,-1.0,0
1.0,1.0,0.0,-0.4531207038768214,0.0,1
-0.5,-1.0,-0.5,0.21996150673632128,0.0,1
-1.0,1.0,1.0,-0.22326092933736585,0.0,2
0.5,0.0,0.0,-0.4091284025295572,2.0,1
1.0,0.0,-1.0,-0.9744294748419023,0.0,1
1.0,0.0,0.5,-0.761066813307671,-2.0,1
1.0,-1.0,1.0,0.853450646136926,0.0,1
-1.0,0.0,0.0,0.8116579598570253,-1.0,2
-0.5,1.0,0.0,0.7412702777014024,0.0,1
-1.0,0.5,1.0,0.3376409128402531,0.0,1
1.0,-1.0,-1.0,0.5499037668408029,-2.0,1
-0.5,-1.0,1.0,-0.5257080010998075,-1.0,1
-1.0,0.0,-0.5,-0.8336541105306569,0.0,0
0.0,-0.5,1.0,-0.42342590046741807,0.0,1
-0.5,0.5,-0.5,0.6400879846026946,0.0,1
0.5,1.0,0.5,0.6400879846026946,0.0,1
-0.5,-0.5,-1.0,-0.49711300522408547,0.0,1
0.5,-1.0,-1.0,0.3486389881770692,0.0,1
-0.5,0.0,-0.5,-0.2903491888919437,0.0,1
1.0,0.0,-1.0,0.6279901017321968,0.0,1
1.0,1.0,0.5,-0.02529557327467678,0.0,0
-0.5,0.0,0.0,0.22546054440472915,1.0,1
0.5,1.0,0.0,0.820456420126478,0.0,1
-1.0,0.0,0.5,-0.5938960681880668,-1.0,2
1.0,-1.0,0.5,-0.7005773989551826,0.0,1
0.0,0.5,0.5,0.08908441022821009,2.0,1
1.0,-1.0,0.5,-0.1869672807258728,-1.0,1
-0.5,-0.5,-0.5,-0.7808633489139398,0.0,1
-1.0,-1.0,-0.5,-0.22106131427000256,0.0,0
-1.0,1.0,1.0,-0.17266978278801196,0.0,1
0.5,0.5,0.5,-0.4113280175969203,0.0,1
1.0,-0.5,0.5,-0.14737420951333516,0.0,1
-0.5,0.0,0.0,-0.17926862799010146,1.0,0
1.0,1.0,-1.0,-0.6400879846026942,0.0,1
-0.5,0.0,-1.0,-0.4938135826230407,0.0,1
0.5,0.0,1.0,-0.08798460269452844,-1.0,1
0.0,1.0,0.0,0.2067638163321419,0.0,1
-0.5,-1.0,1.0,0.39703051965905983,0.0,1
0.5,-0.5,-1.0,-0.43222436073687087,2.0,1
1.0,1.0,0.5,-0.5191091558977177,-1.0,1
-0.5,0.0,-1.0,-0.4553203189441845,2.0,2
-1.0,0.0,-0.5,-0.03629364861149252,0.0,1
0.5,0.5,0.0,-0.21116304646686812,1.0,1
1.0,0.0,1.0,0.635688754467968,0.0,1
-0.5,-0.5,-0.5,-0.27275226835303795,2.0,1
-0.5,-1.0,-0.5,0.030794610943085006,0.0,1
0.5,-1.0,0.0,0.7973604619191642,0.0,1
0.0,0.5,0.5,0.20566400879846025,0.0,1
0.0,0.5,-0.5,-0.4003299422601042,2.0,1
0.5,-1.0,0.0,0.08028594995875728,-1.0,1
-0.5,0.5,1.0,-0.8622491064063786,2.0,1
0.0,0.0,0.0,-0.06818806708825953,2.0,1
-1.0,0.5,0.0,-0.3585372559802033,2.0,1
-0.5,0.0,0.0,-0.19246631839428066,0.0,0
0.5,0.5,-0.5,-0.43332416827055253,-1.0,1
-0.5,0.5,0.5,-0.5312070387682154,0.0,1
0.5,-0.5,-1.0,-0.6598845202089632,-1.0,1
0.5,-1.0,-0.5,0.8391531481990653,0.0,1
1.0,0.5,-1.0,-0.984327742645037,-2.0,1
1.0,0.5,-1.0,0.22766015947209245,-1.0,1
0.0,1.0,-1.0,-0.2628540005499035,0.0,1
-0.5,-1.0,1.0,-0.2936486114929885,0.0,1
-0.5,0.5,0.0,-0.6862799010173217,2.0,2
1.0,-0.5,-0.5,0.2518559252130879,0.0,1
0.5,0.0,-0.5,0.36843552378333844,0.0,1
1.0,1.0,0.0,-0.2716524608193565,0.0,1
-0.5,1.0,-0.5,0.043992301347264395,2.0,1
0.5,1.0,-1.0,0.43662359087159763,-1.0,1
0.5,0.0,0.5,-0.026395380808358425,-2.0,1
-1.0,-1.0,0.0,-0.04949133901567227,-1.0,1
0.5,0.5,1.0,0.5532031894418478,0.0,1
0.0,-0.5,-1.0,-0.9293373659609567,0.0,0
0.5,0.5,-0.5,0.20896343139950518,1.0,1
0.0,0.5,0.0,-0.1836678581248277,0.0,1
-0.5,-1.0,1.0,-0.06708825955457788,-1.0,1
1.0,1.0,-0.5,-0.5477041517734393,2.0,1
1.0,-0.5,-1.0,-0.7467693153698101,0.0,1
-1.0,-1.0,-0.5,0.8622491064063788,0.0,3
0.5,-0.5,1.0,-0.21116304646686812,-1.0,1
0.5,0.0,0.0,-0.9898267803134448,-1.0,0
-0.5,0.0,1.0,-0.972229859774539,0.0,1
1.0,-0.5,-1.0,0.4861149298872699,0.0,1
-0.5,0.0,-1.0,0.7236733571624968,1.0,1
0.0,0.5,-1.0,0.24745669507836135,1.0,3
0.5,-1.0,0.5,0.7764641187792136,-1.0,1
0.5,0.0,1.0,0.17926862799010218,-1.0,1
-1.0,0.5,-1.0,-0.4454220511410501,0.0,0
0.0,0.0,0.5,-0.08358537255980186,0.0,1
0.5,-0.5,1.0,-0.6114929887269723,1.0,1
0.5,0.5,0.0,-0.13307671157547413,0.0,2
1.0,-1.0,0.5,0.28375034368985425,0.0,1
1.0,-1.0,0.5,0.8435523783337919,0.0,1
1.0,-0.5,1.0,0.6785812482815508,0.0,1
-1.0,0.0,0.0,-0.7621666208413524,2.0,1
0.0,-1.0,1.0,0.9953258179818533,1.0,1
1.0,1.0,-1.0,0.7324718174319496,-1.0,0
-0.5,0.5,1.0,0.54110530657135,0.0,0
1.0,-1.0,0.5,0.1506736321143801,0.0,1
0.0,0.0,1.0,-0.9634313995050863,0.0,1
0.5,0.0,0.0,0.9953258179818533,0.0,0
0.0,1.0,0.0,-0.5466043442397579,0.0,0
-1.0,1.0,-0.5,0.5806983777838882,0.0,1
0.5,0.0,-1.0,-0.8050591146549352,0.0,1
0.5,0.5,-1.0,-0.7115754742919986,2.0,1
1.0,-1.0,0.0,0.047291723948309335,-1.0,1
-0.5,0.0,0.5,-0.2925488039593069,0.0,1
-1.0,-0.5,-1.0,-0.17926862799010146,0.0,1
0.5,0.5,0.5,0.9546329392356339,-1.0,1
1.0,-1.0,0.5,1.0063238933186693,0.0,0
-1.0,1.0,-0.5,-0.02749518834204007,0.0,0
1.0,1.0,-1.0,-0.601594720923838,0.0,1
1.0,0.0,0.0,0.945834478966181,2.0,1
1.0,0.5,-1.0,-0.2848501512235357,1.0,1
-1.0,0.5,-0.5,-0.7511685455045365,0.0,2
-0.5,1.0,0.5,0.4135276326642838,0.0,0
-1.0,-0.5,-0.5,-0.4608193566125926,-1.0,1
1.0,0.5,0.5,-0.04509210888094569,0.0,1
0.5,-0.5,1.0,-0.4157272477316467,1.0,1
0.5,-1.0,1.0,0.18256805059114675,2.0,1
-1.0,1.0,-0.5,0.6235908715974706,0.0,1
-0.5,-1.0,1.0,-0.7643662359087157,0.0,1
0.5,-1.0,0.5,-0.04399230134726404,1.0,1
0.5,-1.0,1.0,-0.7720648886444869,1.0,1
0.0,-1.0,-0.5,0.3695353313170197,-1.0,1
0.0,-1.0,0.5,0.42672532306846317,-2.0,1
0.0,-1.0,1.0,-0.556502612042892,0.0,1
0.5,0.0,-1.0,-0.05389056915039814,0.0,1
0.5,-1.0,-0.5,-0.9656310145724496,2.0,0
0.0,0.5,-1.0,-0.34973879571075045,-1.0,1
1.0,1.0,0.0,-0.2738520758867194,-1.0,1
0.5,0.0,0.0,0.15397305471542505,1.0,1
-1.0,0.0,0.0,-0.008798460269452808,1.0,1
0.5,1.0,1.0,-0.3530382183117952,-1.0,1
0.0,-1.0,-1.0,-0.9381358262304095,-2.0,1
-1.0,-1.0,0.0,0.18256805059114675,-1.0,0
0.5,1.0,1.0,-0.5400054990376683,-1.0,1
0.0,-0.5,0.0,0.19686554852900742,-1.0,0
-0.5,0.0,0.5,-0.0208963431399502,1.0,1
0.0,-1.0,0.0,-0.819356612592796,-2.0,1
-1.0,-0.5,-1.0,-0.02749518834204007,0.0,0
-1.0,-1.0,0.5,-0.5751993401154796,0.0,0
1.0,0.0,1.0,0.8666483365411054,-2.0,0
1.0,-0.5,-1.0,-0.22326092933736585,0.0,3
0.5,0.5,-0.5,0.7742645037118503,0.0,1
-0.5,-1.0,-1.0,-0.15507286224910596,1.0,0
0.0,0.0,-1.0,0.12207863623865839,-1.0,1
0.5,0.0,-0.5,0.39813032719274144,0.0,1
0.5,0.5,1.0,0.3035468792961231,2.0,1
-1.0,-1.0,-1.0,-0.04729172394830898,2.0,0
-1.0,0.5,0.0,0.9183392906241409,0.0,1
-0.5,-0.5,1.0,0.43002474566950777,0.0,1
-0.5,1.0,-1.0,-0.766565850976079,1.0,1
1.0,-1.0,-0.5,-0.010998075336815743,0.0,0
0.0,-1.0,-1.0,0.43552378333791597,0.0,1
0.0,1.0,1.0,-0.7698652735771238,0.0,1
1.0,0.0,0.5,0.17706901292273852,-1.0,3
-0.5,1.0,-1.0,-0.9007423700852348,0.0,1
0.5,-0.5,-0.5,-0.10338190816607076,0.0,1
1.0,0.0,0.5,0.13197690404179285,1.0,1
-1.0,1.0,-1.0,0.3398405279076164,-1.0,1
1.0,-0.5,-0.5,1.007423700852351,-1.0,0
-0.5,1.0,-0.5,0.8666483365411054,-2.0,1
-0.5,-1.0,-0.5,-0.47181743194940867,-1.0,1
0.5,0.0,1.0,0.24305746494363512,1.0,1
-1.0,-0.5,0.5,-0.9557327467693151,0.0,1
-1.0,-0.5,0.5,-0.36623590871597445,0.0,1
0.0,0.0,-1.0,-0.3827330217211986,0.0,1
0.5,0.0,1.0,0.6587847126752818,0.0,0
-1.0,0.0,-0.5,0.21226285400055012,0.0,1
-1.0,0.5,-1.0,-0.024195765740995134,2.0,1
0.5,0.5,0.0,-0.309045916964531,-2.0,1
1.0,-0.5,-1.0,0.6235908715974706,-1.0,1
0.0,1.0,1.0,0.6961781688204564,0.0,1
0.0,0.0,1.0,0.6829804784162773,0.0,1
-1.0,1.0,0.5,0.295848226560352,-2.0,1
1.0,0.0,0.5,0.8974429474841904,2.0,1
0.0,1.0,1.0,0.9029419851525983,2.0,0
1.0,-0.5,-0.5,-0.6532856750068736,2.0,0
1.0,0.0,-0.5,0.46301897167995604,2.0,0
0.0,-1.0,0.5,0.13637613417651906,-1.0,0
0.5,-0.5,0.0,0.7610668133076713,-1.0,1
0.0,-1.0,1.0,-0.10228210063238911,-1.0,1
0.5,-0.5,1.0,0.9799285125103105,1.0,1
0.5,0.0,-0.5,-0.9557327467693151,-2.0,0
-0.5,-0.5,-1.0,-0.6774814407478689,0.0,3
0.5,-0.5,-1.0,0.05169095408303556,1.0,3
-1.0,1.0,-0.5,-0.46411877921363753,1.0,0
0.0,-1.0,0.0,0.6906791311520485,0.0,1
-1.0,1.0,1.0,0.39373109705801485,-1.0,1
0.5,-1.0,0.0,-0.9887269727797631,0.0,1
-1.0,1.0,1.0,-0.10558152323343406,0.0,1
-1.0,1.0,0.0,0.4949133901567227,0.0,1
0.0,-1.0,-1.0,-0.559802034643937,0.0,1
-0.5,1.0,-0.5,-0.9458344789661807,0.0,1
-0.5,1.0,0.0,0.28924938135826245,-1.0,1
0.0,0.0,-1.0,0.7984602694528459,0.0,1
-1.0,0.0,-1.0,0.557602419576574,-1.0,1
0.5,-1.0,0.5,-0.6653835578773711,-2.0,0
-0.5,0.0,-1.0,0.5169095408303549,-1.0,1
-0.5,0.0,-0.5,0.7203739345614518,-2.0,1
1.0,1.0,-0.5,-0.001099807533681289,2.0,1
-0.5,-0.5,0.5,-0.2848501512235357,-1.0,0
1.0,0.5,1.0,-0.20896343139950482,1.0,1
0.5,1.0,0.0,-0.9249381358262301,2.0,1
0.5,0.5,1.0,-0.7016772064888642,1.0,1
0.0,-0.5,-1.0,-0.902941985152598,2.0,1
0.0,0.5,-0.5,-0.7181743194940882,-1.0,3
-0.5,-1.0,-0.5,0.08468518009348386,1.0,0
1.0,0.0,-1.0,0.2617541930162224,-1.0,1
0.5,1.0,1.0,-0.3145449546329391,2.0,1
